--
-- PostgreSQL database dump
--

-- Dumped from database version 12.9
-- Dumped by pg_dump version 12.9

SET statement_timeout = 0;
SET lock_timeout = 0;
SET idle_in_transaction_session_timeout = 0;
SET client_encoding = 'UTF8';
SET standard_conforming_strings = on;
SELECT pg_catalog.set_config('search_path', '', false);
SET check_function_bodies = false;
SET xmloption = content;
SET client_min_messages = warning;
SET row_security = off;

--
-- Data for Name: targ_act_mmt_gr; Type: TABLE DATA; Schema: master; Owner: postgres
--

COPY master.targ_act_mmt_gr (id, name, descr) FROM stdin;
1	GS	Gamma-Spektrometrie
2	AS	Alpha-Spektrometrie
3	Sr	Strontium-Messung
4	H3	Tritium
5	I3	InSitu
\.


--
-- Data for Name: targ_act_mmt_gr_mp; Type: TABLE DATA; Schema: master; Owner: postgres
--

COPY master.targ_act_mmt_gr_mp (mmt_id, targ_act_mmt_gr_id) FROM stdin;
G1	1
A1	2
BS	3
BH	4
I3	5
BX	3
AP	2
AU	2
\.


--
-- Data for Name: targ_env_gr; Type: TABLE DATA; Schema: master; Owner: postgres
--

COPY master.targ_env_gr (id, name, targ_env_gr_displ) FROM stdin;
31	Schwebstoff	Schwebstoff
1	Gemüse	Freilandgemüse
2	Getreide	Getreide
3	Obst	Obst
4	Kartoffeln	Kartoffeln
5	Pilze	Pilze, sonst. Nahrungsmittel
6	Summe 1	Summe
7	pflanzl. Nahrungsmit	Gemüse, Getreide, Obst, Kartoffeln
8	Rindfleisch	Rindfleisch
9	Schweinefleisch	Schweinefleisch
10	Kalbfleisch	Kalbfleisch
11	Geflügel	Geflügel
12	sonst. Fleisch	Lamm, Haarwild, sonst. Fleisch
13	Summe 2	Summe
14	Gesamtnahrung	Gesamtnahrung
15	Säuglings-u. Kleinki	Säuglings-u. Kleinkindernahrung
16	Milch	Rohmilch
17	Gras	Gras
18	Blätter	Blätter
19	Nadeln	Nadeln
20	Weide- und Wiesenbew	Weide- und Wiesenbewuchs
21	Mais	Mais
22	Futtergetreide	Futtergetreide
23	Futterkartoffeln/-rü	Futterkartoffeln/-rüben/Raps
24	andere Futtermittel	andere Futtermittel
25	Summe 3	Summe
26	Weide- und Ackerbode	Weide- und Ackerboden
27	Waldboden	Waldboden
28	Summe 4	Summe
29	Boden in-situ	Boden in-situ
30	Wasser	Oberfächenwasser
32	Sediment	Sediment
44	feste Rückstände aus	feste Rückstände aus Rauchgaswäsche
33	Reinwasser	Reinwasser
34	Rohwasser	Rohwasser
35	Grundwasser	Grundwasser
36	Süßwasserfisch	Süßwasserfisch
37	Meeresfrüchte	Meeresfrüchte
38	Kläranlagenabwasser	Kläranlagenabwasser
39	Klärschlamm	Klärschlamm
40	Sicker-/Grundwasser	Sicker-/Grundwasser
41	Abwasser	flüss. Rückstände aus der Rauchgaswäsche
42	Asche	Asche
43	Schlacke	Schlacke
45	Kompost	Kompost
46	Käse	Käse
47	Einzelfuttermittel	Einzelfuttermittel
48	Fisch, Krusten- und 	Fisch, Krusten- und Schalentiere
\.


--
-- Data for Name: targ_act_targ; Type: TABLE DATA; Schema: master; Owner: postgres
--

COPY master.targ_act_targ (id, network_id, targ_act_mmt_gr_id, targ_env_gr_id, is_imp, targ) FROM stdin;
696	09	1	4	t	2
697	09	1	5	f	28
698	09	1	5	t	3
699	09	1	6	f	277
700	09	1	6	t	25
701	09	3	7	f	28
702	09	1	8	f	88
703	09	1	8	t	3
704	09	1	9	f	41
705	09	1	9	t	3
706	09	1	10	f	7
707	09	1	10	t	3
708	09	1	11	f	24
709	09	1	11	t	3
710	09	1	12	f	32
711	09	1	12	t	2
712	09	1	13	f	160
713	09	1	13	t	12
714	09	1	14	f	78
715	09	3	14	f	12
716	09	1	15	f	24
717	09	3	15	f	4
718	09	1	16	f	216
719	09	3	16	f	24
720	09	1	17	f	15
721	09	1	18	f	15
722	09	1	19	f	8
723	09	1	20	f	57
724	09	3	20	f	29
725	09	1	21	f	59
726	09	1	22	f	28
727	09	1	23	f	17
728	09	1	24	f	0
729	09	1	25	f	161
730	09	1	26	f	50
731	09	3	26	f	20
732	09	1	27	f	10
733	09	3	27	f	4
734	09	1	28	f	50
735	09	3	28	f	20
736	09	5	29	f	25
737	09	1	30	f	80
738	09	3	30	f	8
739	09	4	30	f	80
740	09	2	30	f	8
741	09	1	31	f	40
742	09	1	32	f	80
743	09	1	33	f	26
744	09	3	33	f	4
745	09	4	33	f	4
746	09	2	33	f	4
747	09	1	34	f	10
748	09	3	34	f	2
749	09	4	34	f	2
750	09	2	34	f	2
751	09	1	35	f	12
753	09	4	35	f	4
754	09	2	35	f	4
755	09	1	36	f	44
757	09	1	37	f	0
758	09	3	37	f	0
759	09	1	38	f	40
760	09	3	38	f	4
762	09	1	39	f	40
763	09	3	39	f	4
764	09	2	39	f	4
765	09	1	40	f	6
767	09	1	41	f	6
768	09	1	42	f	6
769	09	1	43	f	6
771	09	1	45	f	4
772	09	1	46	t	11
773	09	1	47	t	7
774	09	1	48	t	12
776	10	1	1	t	2
777	10	1	2	f	6
778	10	1	2	t	2
779	10	1	3	f	7
781	10	1	4	f	2
782	10	1	4	t	2
783	10	1	5	f	3
784	10	1	5	t	1
786	10	1	6	t	8
787	10	3	7	f	3
788	10	1	8	f	6
790	10	1	9	f	6
791	10	1	9	t	2
792	10	1	10	f	3
793	10	1	10	t	2
795	10	1	11	t	2
796	10	1	12	f	4
797	10	1	12	t	2
798	10	1	13	f	18
800	10	1	14	f	26
801	10	3	14	f	4
802	10	1	15	f	12
803	10	3	15	f	2
368	05	1	13	f	195
532	07	1	9	f	14
805	10	3	16	f	12
806	10	1	17	f	2
808	10	1	19	f	1
810	10	3	20	f	2
812	10	1	22	f	2
813	10	1	23	f	1
814	10	1	24	f	0
815	10	1	25	f	9
862	11	1	1	t	4
865	11	1	3	f	6
866	11	1	3	t	2
879	11	1	10	t	2
882	11	1	12	f	4
883	11	1	12	t	2
884	11	1	13	f	19
885	11	1	13	t	8
886	11	1	14	f	26
887	11	3	14	f	4
888	11	1	15	f	12
889	11	3	15	f	2
890	11	1	16	f	12
891	11	3	16	f	12
892	11	1	17	f	2
894	11	1	19	f	1
896	11	3	20	f	1
897	11	1	21	f	2
898	11	1	22	f	1
899	11	1	23	f	1
900	11	1	24	f	0
901	11	1	25	f	6
902	11	1	26	f	5
903	11	3	26	f	2
912	11	2	30	f	8
924	11	3	35	f	4
943	11	1	45	f	2
952	12	1	3	t	2
953	12	1	4	f	7
965	12	1	10	t	2
966	12	1	11	f	6
967	12	1	11	t	2
968	12	1	12	f	7
969	12	1	12	t	2
970	12	1	13	f	34
971	12	1	13	t	8
972	12	1	14	f	26
999	12	1	31	f	16
1000	12	1	32	f	32
1001	12	1	33	f	8
1002	12	3	33	f	4
1003	12	4	33	f	4
1004	12	2	33	f	4
1005	12	1	34	f	4
1006	12	3	34	f	2
1007	12	4	34	f	2
1013	12	1	36	f	18
1014	12	3	36	f	3
1015	12	1	37	f	0
1016	12	3	37	f	0
1017	12	1	38	f	20
1018	12	3	38	f	4
1030	12	1	46	t	2
1031	12	1	47	t	2
1032	12	1	48	t	3
1033	13	1	1	f	31
1034	13	1	1	t	2
1035	13	1	2	f	66
1036	13	1	2	t	2
1037	13	1	3	f	16
1038	13	1	3	t	2
1042	13	1	5	t	1
1045	13	3	7	f	12
1046	13	1	8	f	14
1047	13	1	8	t	2
1048	13	1	9	f	22
1049	13	1	9	t	2
1053	13	1	11	t	2
1054	13	1	12	f	9
1056	13	1	13	f	43
1057	13	1	13	t	8
1058	13	1	14	f	26
1059	13	3	14	f	4
1060	13	1	15	f	12
1109	13	1	40	f	4
1110	13	4	40	f	4
1113	13	1	43	f	2
1114	13	1	44	f	2
1115	13	1	45	f	6
1125	14	1	4	f	6
1126	14	1	4	t	2
1127	14	1	5	f	13
1128	14	1	5	t	1
1129	14	1	6	f	132
1130	14	1	6	t	11
1131	14	3	7	f	13
1347	16	4	33	f	4
985	12	1	23	f	8
989	12	3	26	f	10
994	12	5	29	f	25
1008	12	2	34	f	2
1012	12	2	35	f	4
1023	12	1	40	f	4
1028	12	1	44	f	2
1041	13	1	5	f	12
1052	13	1	11	f	4
1064	13	1	17	f	7
1068	13	3	20	f	8
1073	13	1	25	f	57
1365	16	3	39	f	4
1369	16	1	41	f	2
1374	16	1	46	t	2
420	05	2	39	f	4
424	05	1	42	f	6
429	05	1	47	t	10
434	06	1	2	t	2
439	06	1	5	f	11
444	06	1	8	f	13
448	06	1	10	f	3
453	06	1	12	t	2
458	06	1	15	f	12
463	06	1	18	f	6
467	06	1	21	f	6
472	06	1	26	f	15
38	01	1	22	f	8
41	01	1	25	f	52
42	01	1	26	f	12
43	01	3	26	f	5
44	01	1	27	f	2
45	01	3	27	f	1
46	01	1	28	f	12
47	01	3	28	f	5
48	01	5	29	f	25
49	01	1	30	f	40
50	01	3	30	f	8
51	01	4	30	f	40
52	01	2	30	f	8
53	01	1	31	f	20
54	01	1	32	f	40
55	01	1	33	f	12
56	01	3	33	f	4
57	01	4	33	f	4
58	01	2	33	f	4
59	01	1	34	f	4
60	01	3	34	f	2
61	01	4	34	f	2
62	01	2	34	f	2
64	01	3	35	f	4
65	01	4	35	f	4
66	01	2	35	f	4
67	01	1	36	f	12
68	01	3	36	f	2
69	01	1	37	f	12
70	01	3	37	f	12
71	01	1	38	f	20
72	01	3	38	f	4
73	01	2	38	f	4
74	01	1	39	f	20
75	01	3	39	f	4
76	01	2	39	f	4
77	01	1	40	f	4
78	01	4	40	f	4
79	01	1	41	f	2
80	01	1	42	f	2
81	01	1	43	f	2
82	01	1	44	f	2
83	01	1	45	f	4
84	01	1	46	t	16
85	01	1	47	t	10
86	01	1	48	t	32
87	02	1	1	f	12
88	02	1	1	t	4
89	02	1	2	f	6
90	02	1	2	t	3
91	02	1	3	f	13
92	02	1	3	t	5
93	02	1	4	f	2
94	02	1	4	t	2
95	02	1	5	f	3
96	02	1	5	t	1
97	02	1	6	f	33
98	02	1	6	t	14
99	02	3	7	f	3
100	02	1	8	f	6
101	02	1	8	t	5
102	02	1	9	f	6
103	02	1	9	t	5
104	02	1	10	f	3
105	02	1	10	t	2
106	02	1	11	f	4
107	02	1	11	t	2
108	02	1	12	f	4
109	02	1	12	t	3
110	02	1	13	f	19
111	02	1	13	t	14
112	02	1	14	f	26
113	02	3	14	f	4
116	02	1	16	f	12
118	02	1	17	f	2
120	02	1	19	f	1
122	02	3	20	f	1
123	02	1	21	f	2
124	02	1	22	f	1
125	02	1	23	f	1
126	02	1	24	f	0
127	02	1	25	f	6
128	02	1	26	f	5
129	02	3	26	f	2
137	02	4	30	f	16
138	02	2	30	f	4
139	02	1	31	f	8
140	02	1	32	f	16
141	02	1	33	f	6
142	02	3	33	f	4
146	02	3	34	f	2
148	02	2	34	f	2
191	03	1	10	t	2
194	03	1	12	f	28
203	03	3	16	f	24
205	03	1	18	f	15
271	04	3	7	f	3
289	04	3	16	f	12
290	04	1	17	f	2
291	04	1	18	f	2
292	04	1	19	f	1
294	04	3	20	f	1
298	04	1	24	f	0
316	04	2	33	f	4
317	04	1	34	f	2
323	04	4	35	f	4
328	04	3	37	f	0
330	04	3	38	f	4
332	04	1	39	f	8
349	05	1	3	f	20
350	05	1	3	t	10
351	05	1	4	f	15
352	05	1	4	t	2
353	05	1	5	f	28
354	05	1	5	t	3
355	05	1	6	f	280
356	05	1	6	t	34
357	05	3	7	f	25
358	05	1	8	f	50
359	05	1	8	t	5
360	05	1	9	f	90
361	05	1	9	t	5
362	05	1	10	f	15
363	05	1	10	t	5
364	05	1	11	f	40
365	05	1	11	t	5
366	05	1	12	f	39
367	05	1	12	t	4
370	05	1	14	f	130
379	05	1	20	f	20
381	05	1	21	f	30
382	05	1	22	f	15
383	05	1	23	f	10
384	05	1	24	f	0
385	05	1	25	f	75
386	05	1	26	f	25
387	05	3	26	f	10
388	05	1	27	f	5
389	05	3	27	f	2
390	05	1	28	f	25
393	05	1	30	f	48
394	05	3	30	f	8
395	05	4	30	f	48
405	05	4	34	f	2
410	05	2	35	f	4
411	05	1	36	f	20
807	10	1	18	f	2
809	10	1	20	f	4
811	10	1	21	f	2
816	10	1	26	f	5
817	10	3	26	f	2
818	10	1	27	f	1
819	10	3	27	f	0
820	10	1	28	f	5
821	10	3	28	f	2
822	10	5	29	f	10
823	10	1	30	f	8
824	10	3	30	f	4
825	10	4	30	f	8
826	10	2	30	f	4
827	10	1	31	f	4
828	10	1	32	f	8
829	10	1	33	f	4
830	10	3	33	f	4
831	10	4	33	f	4
832	10	2	33	f	4
833	10	1	34	f	4
834	10	3	34	f	2
835	10	4	34	f	2
836	10	2	34	f	2
837	10	1	35	f	4
838	10	3	35	f	4
839	10	4	35	f	4
840	10	2	35	f	4
841	10	1	36	f	2
842	10	3	36	f	1
843	10	1	37	f	0
844	10	3	37	f	0
845	10	1	38	f	8
846	10	3	38	f	4
847	10	2	38	f	4
848	10	1	39	f	8
849	10	3	39	f	4
850	10	2	39	f	4
851	10	1	40	f	2
852	10	4	40	f	2
853	10	1	41	f	2
854	10	1	42	f	2
855	10	1	43	f	2
856	10	1	44	f	2
857	10	1	45	f	0
858	10	1	46	t	2
859	10	1	47	t	2
860	10	1	48	t	2
863	11	1	2	f	6
867	11	1	4	f	2
868	11	1	4	t	2
869	11	1	5	f	3
870	11	1	5	t	1
871	11	1	6	f	26
872	11	1	6	t	10
873	11	3	7	f	3
874	11	1	8	f	6
875	11	1	8	t	2
876	11	1	9	f	6
877	11	1	9	t	2
878	11	1	10	f	3
880	11	1	11	f	4
881	11	1	11	t	2
893	11	1	18	f	2
895	11	1	20	f	2
904	11	1	27	f	1
905	11	3	27	f	0
906	11	1	28	f	5
907	11	3	28	f	2
908	11	5	29	f	10
909	11	1	30	f	24
910	11	3	30	f	8
911	11	4	30	f	24
913	11	1	31	f	12
914	11	1	32	f	24
915	11	1	33	f	6
916	11	3	33	f	4
917	11	4	33	f	4
918	11	2	33	f	4
919	11	1	34	f	3
920	11	3	34	f	2
921	11	4	34	f	2
922	11	2	34	f	2
923	11	1	35	f	6
925	11	4	35	f	4
926	11	2	35	f	4
927	11	1	36	f	4
928	11	3	36	f	1
929	11	1	37	f	0
930	11	3	37	f	0
931	11	1	38	f	16
932	11	3	38	f	4
933	11	2	38	f	4
934	11	1	39	f	16
935	11	3	39	f	4
936	11	2	39	f	4
937	11	1	40	f	2
938	11	4	40	f	2
939	11	1	41	f	4
940	11	1	42	f	4
941	11	1	43	f	4
942	11	1	44	f	4
944	11	1	46	t	3
945	11	1	47	t	2
946	11	1	48	t	4
947	12	1	1	f	70
948	12	1	1	t	3
949	12	1	2	f	60
950	12	1	2	t	2
951	12	1	3	f	23
954	12	1	4	t	2
955	12	1	5	f	16
956	12	1	5	t	1
957	12	1	6	f	160
958	12	1	6	t	9
959	12	3	7	f	16
960	12	1	8	f	11
961	12	1	8	t	2
962	12	1	9	f	14
963	12	1	9	t	2
964	12	1	10	f	3
973	12	3	14	f	4
974	12	1	15	f	12
976	12	1	16	f	48
977	12	3	16	f	12
978	12	1	17	f	8
979	12	1	18	f	8
981	12	1	20	f	16
982	12	3	20	f	8
983	12	1	21	f	15
984	12	1	22	f	9
986	12	1	24	f	0
987	12	1	25	f	48
988	12	1	26	f	20
990	12	1	27	f	4
991	12	3	27	f	2
992	12	1	28	f	20
993	12	3	28	f	10
995	12	1	30	f	32
996	12	3	30	f	8
997	12	4	30	f	32
998	12	2	30	f	8
1009	12	1	35	f	8
1010	12	3	35	f	4
1011	12	4	35	f	4
1019	12	2	38	f	4
1020	12	1	39	f	20
1021	12	3	39	f	4
1022	12	2	39	f	4
1024	12	4	40	f	4
1025	12	1	41	f	2
1026	12	1	42	f	2
1027	12	1	43	f	2
1029	12	1	45	f	6
1039	13	1	4	f	9
1040	13	1	4	t	2
1043	13	1	6	f	122
1044	13	1	6	t	8
1050	13	1	10	f	3
1051	13	1	10	t	2
1055	13	1	12	t	2
1061	13	3	15	f	2
1062	13	1	16	f	48
1063	13	3	16	f	12
1065	13	1	18	f	7
1066	13	1	19	f	3
1067	13	1	20	f	20
1069	13	1	21	f	11
1070	13	1	22	f	9
1071	13	1	23	f	17
1072	13	1	24	f	0
861	11	1	1	f	12
864	11	1	2	t	2
1074	13	1	26	f	17
1075	13	3	26	f	5
1076	13	1	27	f	3
1077	13	3	27	f	1
1078	13	1	28	f	17
1079	13	3	28	f	5
1080	13	5	29	f	25
1081	13	1	30	f	48
1082	13	3	30	f	8
1083	13	4	30	f	48
1084	13	2	30	f	8
1085	13	1	31	f	24
1086	13	1	32	f	48
1087	13	1	33	f	12
1088	13	3	33	f	4
1089	13	4	33	f	4
1090	13	2	33	f	4
1091	13	1	34	f	4
1092	13	3	34	f	2
1093	13	4	34	f	2
1094	13	2	34	f	2
1095	13	1	35	f	8
1096	13	3	35	f	4
1097	13	4	35	f	4
1098	13	2	35	f	4
1099	13	1	36	f	18
1100	13	3	36	f	3
1101	13	1	37	f	0
1102	13	3	37	f	0
1103	13	1	38	f	20
1104	13	3	38	f	4
1105	13	2	38	f	4
1106	13	1	39	f	20
1107	13	3	39	f	4
1108	13	2	39	f	4
1111	13	1	41	f	2
1112	13	1	42	f	2
1116	13	1	46	t	2
1117	13	1	47	t	2
1118	13	1	48	t	13
1119	14	1	1	f	60
1120	14	1	1	t	5
1121	14	1	2	f	38
1122	14	1	2	t	2
1123	14	1	3	f	28
1124	14	1	3	t	2
1132	14	1	8	f	11
1133	14	1	8	t	2
1134	14	1	9	f	11
1135	14	1	9	t	2
1136	14	1	10	f	3
1137	14	1	10	t	2
1138	14	1	11	f	10
1139	14	1	11	t	2
1140	14	1	12	f	7
1141	14	1	12	t	2
1142	14	1	13	f	35
1143	14	1	13	t	8
1144	14	1	14	f	26
1145	14	3	14	f	4
1146	14	1	15	f	12
1147	14	3	15	f	2
1148	14	1	16	f	60
1149	14	3	16	f	12
1150	14	1	17	f	6
1151	14	1	18	f	6
1152	14	1	19	f	3
1153	14	1	20	f	14
1154	14	3	20	f	6
1155	14	1	21	f	12
1156	14	1	22	f	9
1157	14	1	23	f	9
1158	14	1	24	f	0
1159	14	1	25	f	44
1160	14	1	26	f	15
1161	14	3	26	f	5
1162	14	1	27	f	3
1163	14	3	27	f	1
1164	14	1	28	f	15
1165	14	3	28	f	5
1166	14	5	29	f	25
1167	14	1	30	f	32
1168	14	3	30	f	8
1169	14	4	30	f	32
1170	14	2	30	f	8
1171	14	1	31	f	16
1172	14	1	32	f	32
1173	14	1	33	f	12
1174	14	3	33	f	4
1175	14	4	33	f	4
1176	14	2	33	f	4
1177	14	1	34	f	4
1178	14	3	34	f	2
1179	14	4	34	f	2
1180	14	2	34	f	2
1181	14	1	35	f	8
1182	14	3	35	f	4
1183	14	4	35	f	4
1184	14	2	35	f	4
1185	14	1	36	f	8
1186	14	3	36	f	2
1187	14	1	37	f	0
1188	14	3	37	f	0
1189	14	1	38	f	20
1190	14	3	38	f	4
1191	14	2	38	f	4
1192	14	1	39	f	20
1193	14	3	39	f	4
1194	14	2	39	f	4
1195	14	1	40	f	4
1196	14	4	40	f	4
1197	14	1	41	f	2
1198	14	1	42	f	2
1199	14	1	43	f	2
1200	14	1	44	f	2
1201	14	1	45	f	6
1202	14	1	46	t	4
1203	14	1	47	t	2
1204	14	1	48	t	5
1205	15	1	1	f	53
1206	15	1	1	t	3
1207	15	1	2	f	67
1208	15	1	2	t	2
1209	15	1	3	f	16
1210	15	1	3	t	2
1211	15	1	4	f	8
1212	15	1	4	t	2
1213	15	1	5	f	14
1214	15	1	5	t	1
1215	15	1	6	f	144
1216	15	1	6	t	9
1217	15	3	7	f	14
1218	15	1	8	f	8
1219	15	1	8	t	2
1220	15	1	9	f	18
1221	15	1	9	t	2
1222	15	1	10	f	3
1223	15	1	10	t	2
1224	15	1	11	f	4
1225	15	1	11	t	2
1226	15	1	12	f	7
1227	15	1	12	t	2
1228	15	1	13	f	33
1229	15	1	13	t	8
1230	15	1	14	f	26
1231	15	3	14	f	4
1232	15	1	15	f	12
1233	15	3	15	f	2
1234	15	1	16	f	48
1235	15	3	16	f	12
1236	15	1	17	f	6
1237	15	1	18	f	6
1238	15	1	19	f	3
1239	15	1	20	f	10
1240	15	3	20	f	5
1241	15	1	21	f	12
1242	15	1	22	f	9
1243	15	1	23	f	12
1244	15	1	24	f	0
1245	15	1	25	f	43
1246	15	1	26	f	15
1247	15	3	26	f	5
1248	15	1	27	f	3
1249	15	3	27	f	1
1250	15	1	28	f	15
1251	15	3	28	f	5
1252	15	5	29	f	25
1253	15	1	30	f	24
1254	15	3	30	f	8
1255	15	4	30	f	24
1256	15	2	30	f	8
1257	15	1	31	f	12
1258	15	1	32	f	24
1259	15	1	33	f	12
1260	15	3	33	f	4
1261	15	4	33	f	4
1262	15	2	33	f	4
1263	15	1	34	f	4
1264	15	3	34	f	2
1265	15	4	34	f	2
1266	15	2	34	f	2
1267	15	1	35	f	8
1268	15	3	35	f	4
1269	15	4	35	f	4
1270	15	2	35	f	4
1271	15	1	36	f	4
1272	15	3	36	f	1
1273	15	1	37	f	0
1274	15	3	37	f	0
1275	15	1	38	f	20
1276	15	3	38	f	4
1277	15	2	38	f	4
1278	15	1	39	f	20
1279	15	3	39	f	4
1280	15	2	39	f	4
1281	15	1	40	f	4
1282	15	4	40	f	4
1283	15	1	41	f	4
1284	15	1	42	f	4
1285	15	1	43	f	4
1286	15	1	44	f	4
1287	15	1	45	f	4
1288	15	1	46	t	2
1289	15	1	47	t	3
1290	15	1	48	t	3
1291	16	1	1	f	34
1292	16	1	1	t	3
1293	16	1	2	f	40
1294	16	1	2	t	2
1295	16	1	3	f	19
1296	16	1	3	t	2
1297	16	1	4	f	3
1298	16	1	4	t	2
1299	16	1	5	f	10
1300	16	1	5	t	1
1301	16	1	6	f	96
1302	16	1	6	t	9
1303	16	3	7	f	9
1304	16	1	8	f	11
1305	16	1	8	t	2
1306	16	1	9	f	14
1307	16	1	9	t	2
1308	16	1	10	f	3
1309	16	1	10	t	2
1310	16	1	11	f	6
1311	16	1	11	t	2
1312	16	1	12	f	7
1313	16	1	12	t	2
1314	16	1	13	f	34
1315	16	1	13	t	8
1316	16	1	14	f	26
1317	16	3	14	f	4
1318	16	1	15	f	12
1319	16	3	15	f	2
1320	16	1	16	f	36
1321	16	3	16	f	12
1322	16	1	17	f	5
1323	16	1	18	f	5
1324	16	1	19	f	3
1325	16	1	20	f	17
1326	16	3	20	f	5
1327	16	1	21	f	8
1328	16	1	22	f	8
1329	16	1	23	f	8
1330	16	1	24	f	0
1331	16	1	25	f	41
1332	16	1	26	f	13
1333	16	3	26	f	5
1334	16	1	27	f	2
1335	16	3	27	f	1
1336	16	1	28	f	13
1337	16	3	28	f	5
1338	16	5	29	f	25
1339	16	1	30	f	36
1340	16	3	30	f	8
1341	16	4	30	f	36
1342	16	2	30	f	8
1343	16	1	31	f	8
1344	16	1	32	f	20
1345	16	1	33	f	16
1346	16	3	33	f	4
1348	16	2	33	f	4
1349	16	1	34	f	5
1350	16	3	34	f	2
1351	16	4	34	f	2
1352	16	2	34	f	2
1353	16	1	35	f	8
1354	16	3	35	f	4
1355	16	4	35	f	4
1356	16	2	35	f	4
1357	16	1	36	f	4
1358	16	3	36	f	1
1359	16	1	37	f	0
1360	16	3	37	f	0
1361	16	1	38	f	20
1362	16	3	38	f	4
1363	16	2	38	f	4
1364	16	1	39	f	20
1366	16	2	39	f	4
1367	16	1	40	f	4
1368	16	4	40	f	4
1370	16	1	42	f	2
1371	16	1	43	f	2
1372	16	1	44	f	2
1373	16	1	45	f	4
1375	16	1	47	t	2
1376	16	1	48	t	3
752	09	3	35	f	4
756	09	3	36	f	6
761	09	2	38	f	4
766	09	4	40	f	6
770	09	1	44	f	6
775	10	1	1	f	12
780	10	1	3	t	2
785	10	1	6	f	27
789	10	1	8	t	2
794	10	1	11	f	3
799	10	1	13	t	8
804	10	1	16	f	12
975	12	3	15	f	2
980	12	1	19	f	4
474	06	1	27	f	3
475	06	3	27	f	1
476	06	1	28	f	15
477	06	3	28	f	5
478	06	5	29	f	25
479	06	1	30	f	24
480	06	3	30	f	8
481	06	4	30	f	24
482	06	2	30	f	8
483	06	1	31	f	12
1	01	1	1	f	128
2	01	1	1	t	3
3	01	1	2	f	41
4	01	1	2	t	2
5	01	1	3	f	11
6	01	1	3	t	2
7	01	1	4	f	5
8	01	1	4	t	2
9	01	1	5	f	19
10	01	1	5	t	1
11	01	1	6	f	185
12	01	1	6	t	9
13	01	3	7	f	19
14	01	1	8	f	31
15	01	1	8	t	5
16	01	1	9	f	15
17	01	1	9	t	7
18	01	1	10	f	4
19	01	1	10	t	2
20	01	1	11	f	5
21	01	1	11	t	2
22	01	1	12	f	11
23	01	1	12	t	3
24	01	1	13	f	55
25	01	1	13	t	16
26	01	1	14	f	26
27	01	3	14	f	4
28	01	1	15	f	12
29	01	3	15	f	2
30	01	1	16	f	84
31	01	3	16	f	12
32	01	1	17	f	5
33	01	1	18	f	5
34	01	1	19	f	2
35	01	1	20	f	21
36	01	3	20	f	11
37	01	1	21	f	16
39	01	1	23	f	7
40	01	1	24	f	0
63	01	1	35	f	8
114	02	1	15	f	12
115	02	3	15	f	2
117	02	3	16	f	12
119	02	1	18	f	2
121	02	1	20	f	2
130	02	1	27	f	1
131	02	3	27	f	0
132	02	1	28	f	5
133	02	3	28	f	2
134	02	5	29	f	10
135	02	1	30	f	16
136	02	3	30	f	4
143	02	4	33	f	4
144	02	2	33	f	4
145	02	1	34	f	2
147	02	4	34	f	2
149	02	1	35	f	4
150	02	3	35	f	4
151	02	4	35	f	4
152	02	2	35	f	4
153	02	1	36	f	2
154	02	3	36	f	1
155	02	1	37	f	0
156	02	3	37	f	0
157	02	1	38	f	4
158	02	3	38	f	4
159	02	2	38	f	4
160	02	1	39	f	8
161	02	3	39	f	4
162	02	2	39	f	4
163	02	1	40	f	0
164	02	4	40	f	0
165	02	1	41	f	2
166	02	1	42	f	2
167	02	1	43	f	2
168	02	1	44	f	0
169	02	1	45	f	4
170	02	1	46	t	2
171	02	1	47	t	7
172	02	1	48	t	12
173	03	1	1	f	158
174	03	1	1	t	9
175	03	1	2	f	85
176	03	1	2	t	2
177	03	1	3	f	56
178	03	1	3	t	4
179	03	1	4	f	58
180	03	1	4	t	2
181	03	1	5	f	36
182	03	1	5	t	2
183	03	1	6	f	357
184	03	1	6	t	17
185	03	3	7	f	36
186	03	1	8	f	45
187	03	1	8	t	2
188	03	1	9	f	69
189	03	1	9	t	2
190	03	1	10	f	11
192	03	1	11	f	16
193	03	1	11	t	2
195	03	1	12	t	2
588	07	3	38	f	4
589	07	2	38	f	4
590	07	1	39	f	20
591	07	3	39	f	4
592	07	2	39	f	4
593	07	1	40	f	4
594	07	4	40	f	4
595	07	1	41	f	4
596	07	1	42	f	4
597	07	1	43	f	4
598	07	1	44	f	4
599	07	1	45	f	6
600	07	1	46	t	4
601	07	1	47	t	2
602	07	1	48	t	5
603	08	1	1	f	108
604	08	1	1	t	12
605	08	1	2	f	39
606	08	1	2	t	2
607	08	1	3	f	104
608	08	1	3	t	6
609	08	1	4	f	6
610	08	1	4	t	2
611	08	1	5	f	26
612	08	1	5	t	2
613	08	1	6	f	257
614	08	1	6	t	22
615	08	3	7	f	26
616	08	1	8	f	47
617	08	1	8	t	3
618	08	1	9	f	26
619	08	1	9	t	3
620	08	1	10	f	6
621	08	1	10	t	3
622	08	1	11	f	20
623	08	1	11	t	3
624	08	1	12	f	20
625	08	1	12	t	2
626	08	1	13	f	99
627	08	1	13	t	12
628	08	1	14	f	78
629	08	3	14	f	12
630	08	1	15	f	24
631	08	3	15	f	4
632	08	1	16	f	72
633	08	3	16	f	12
634	08	1	17	f	10
635	08	1	18	f	10
636	08	1	19	f	5
637	08	1	20	f	29
638	08	3	20	f	15
639	08	1	21	f	22
640	08	1	22	f	13
641	08	1	23	f	6
642	08	1	24	f	0
643	08	1	25	f	70
644	08	1	26	f	25
645	08	3	26	f	10
646	08	1	27	f	1
647	08	3	27	f	2
648	08	1	28	f	25
649	08	3	28	f	10
650	08	5	29	f	25
651	08	1	30	f	40
652	08	3	30	f	8
653	08	4	30	f	40
654	08	2	30	f	8
655	08	1	31	f	20
656	08	1	32	f	40
657	08	1	33	f	22
658	08	3	33	f	4
659	08	4	33	f	4
660	08	2	33	f	4
661	08	1	34	f	7
662	08	3	34	f	2
663	08	4	34	f	2
664	08	2	34	f	2
665	08	1	35	f	8
666	08	3	35	f	4
667	08	4	35	f	4
668	08	2	35	f	4
669	08	1	36	f	20
670	08	3	36	f	3
671	08	1	37	f	0
672	08	3	37	f	0
673	08	1	38	f	40
674	08	3	38	f	4
675	08	2	38	f	4
676	08	1	39	f	40
677	08	3	39	f	4
678	08	2	39	f	4
679	08	1	40	f	6
680	08	4	40	f	6
681	08	1	41	f	6
682	08	1	42	f	6
683	08	1	43	f	6
684	08	1	44	f	6
685	08	1	45	f	6
686	08	1	46	t	10
687	08	1	47	t	3
688	08	1	48	t	11
689	09	1	1	f	135
690	09	1	1	t	14
691	09	1	2	f	80
692	09	1	2	t	2
693	09	1	3	f	36
694	09	1	3	t	7
695	09	1	4	f	26
196	03	1	13	f	141
197	03	1	13	t	8
198	03	1	14	f	52
199	03	3	14	f	8
200	03	1	15	f	24
201	03	3	15	f	4
202	03	1	16	f	156
204	03	1	17	f	15
206	03	1	19	f	8
207	03	1	20	f	41
208	03	3	20	f	21
209	03	1	21	f	46
210	03	1	22	f	20
211	03	1	23	f	20
212	03	1	24	f	0
213	03	1	25	f	127
214	03	1	26	f	38
215	03	3	26	f	15
216	03	1	27	f	7
217	03	3	27	f	3
218	03	1	28	f	38
219	03	3	28	f	15
220	03	5	29	f	25
221	03	1	30	f	64
222	03	3	30	f	8
223	03	4	30	f	64
224	03	2	30	f	8
225	03	1	31	f	32
226	03	1	32	f	64
227	03	1	33	f	22
228	03	3	33	f	4
229	03	4	33	f	4
230	03	2	33	f	4
231	03	1	34	f	7
232	03	3	34	f	2
233	03	4	34	f	2
234	03	2	34	f	2
235	03	1	35	f	8
236	03	3	35	f	4
237	03	4	35	f	4
238	03	2	35	f	4
239	03	1	36	f	18
240	03	3	36	f	3
241	03	1	37	f	12
242	03	3	37	f	12
243	03	1	38	f	40
244	03	3	38	f	4
245	03	2	38	f	4
246	03	1	39	f	40
247	03	3	39	f	4
248	03	2	39	f	4
249	03	1	40	f	4
250	03	4	40	f	4
251	03	1	41	f	4
252	03	1	42	f	4
253	03	1	43	f	4
254	03	1	44	f	4
255	03	1	45	f	8
256	03	1	46	t	7
257	03	1	47	t	20
258	03	1	48	t	18
259	04	1	1	f	12
260	04	1	1	t	2
261	04	1	2	f	6
262	04	1	2	t	2
263	04	1	3	f	6
264	04	1	3	t	4
265	04	1	4	f	2
266	04	1	4	t	2
267	04	1	5	f	3
268	04	1	5	t	1
269	04	1	6	f	26
270	04	1	6	t	10
272	04	1	8	f	6
273	04	1	8	t	2
274	04	1	9	f	8
275	04	1	9	t	2
276	04	1	10	f	3
277	04	1	10	t	2
278	04	1	11	f	2
279	04	1	11	t	2
280	04	1	12	f	4
281	04	1	12	t	2
282	04	1	13	f	19
283	04	1	13	t	8
284	04	1	14	f	26
285	04	3	14	f	4
286	04	1	15	f	12
287	04	3	15	f	2
288	04	1	16	f	12
293	04	1	20	f	2
295	04	1	21	f	2
296	04	1	22	f	1
297	04	1	23	f	1
299	04	1	25	f	6
300	04	1	26	f	5
301	04	3	26	f	2
302	04	1	27	f	1
303	04	3	27	f	0
304	04	1	28	f	5
305	04	3	28	f	2
306	04	5	29	f	10
307	04	1	30	f	8
308	04	3	30	f	4
309	04	4	30	f	8
310	04	2	30	f	4
311	04	1	31	f	0
312	04	1	32	f	8
313	04	1	33	f	6
314	04	3	33	f	4
315	04	4	33	f	4
318	04	3	34	f	2
319	04	4	34	f	2
320	04	2	34	f	2
321	04	1	35	f	4
322	04	3	35	f	4
324	04	2	35	f	4
325	04	1	36	f	0
326	04	3	36	f	0
327	04	1	37	f	0
329	04	1	38	f	8
331	04	2	38	f	4
333	04	3	39	f	4
334	04	2	39	f	4
335	04	1	40	f	2
336	04	4	40	f	2
337	04	1	41	f	4
338	04	1	42	f	4
339	04	1	43	f	4
340	04	1	44	f	4
341	04	1	45	f	2
342	04	1	46	t	2
343	04	1	47	t	17
344	04	1	48	t	12
345	05	1	1	f	200
346	05	1	1	t	20
347	05	1	2	f	45
348	05	1	2	t	2
377	05	1	18	f	10
378	05	1	19	f	5
380	05	3	20	f	10
391	05	3	28	f	10
392	05	5	29	f	25
396	05	2	30	f	8
397	05	1	31	f	24
398	05	1	32	f	48
399	05	1	33	f	30
400	05	3	33	f	4
401	05	4	33	f	4
402	05	2	33	f	4
403	05	1	34	f	10
404	05	3	34	f	2
406	05	2	34	f	2
407	05	1	35	f	10
408	05	3	35	f	4
409	05	4	35	f	4
412	05	3	36	f	3
413	05	1	37	f	0
414	05	3	37	f	0
415	05	1	38	f	40
416	05	3	38	f	4
417	05	2	38	f	4
418	05	1	39	f	40
419	05	3	39	f	4
421	05	1	40	f	6
422	05	4	40	f	6
423	05	1	41	f	6
425	05	1	43	f	6
426	05	1	44	f	6
427	05	1	45	f	8
428	05	1	46	t	15
430	05	1	48	t	25
431	06	1	1	f	63
432	06	1	1	t	7
433	06	1	2	f	30
435	06	1	3	f	12
436	06	1	3	t	3
437	06	1	4	f	4
438	06	1	4	t	2
440	06	1	5	t	1
441	06	1	6	f	109
442	06	1	6	t	14
443	06	3	7	f	11
445	06	1	8	t	2
446	06	1	9	f	14
447	06	1	9	t	2
449	06	1	10	t	2
450	06	1	11	f	12
451	06	1	11	t	2
452	06	1	12	f	8
454	06	1	13	f	42
455	06	1	13	t	8
456	06	1	14	f	26
457	06	3	14	f	4
459	06	3	15	f	2
460	06	1	16	f	48
461	06	3	16	f	12
462	06	1	17	f	6
464	06	1	19	f	3
465	06	1	20	f	15
466	06	3	20	f	8
468	06	1	22	f	7
469	06	1	23	f	5
470	06	1	24	f	0
471	06	1	25	f	33
473	06	3	26	f	5
369	05	1	13	t	20
371	05	3	14	f	20
372	05	1	15	f	24
373	05	3	15	f	4
374	05	1	16	f	96
375	05	3	16	f	12
376	05	1	17	f	10
484	06	1	32	f	24
485	06	1	33	f	16
486	06	3	33	f	4
487	06	4	33	f	4
488	06	2	33	f	4
489	06	1	34	f	5
490	06	3	34	f	2
491	06	4	34	f	2
492	06	2	34	f	2
493	06	1	35	f	8
494	06	3	35	f	4
495	06	4	35	f	4
496	06	2	35	f	4
497	06	1	36	f	10
498	06	3	36	f	2
499	06	1	37	f	0
500	06	3	37	f	0
501	06	1	38	f	20
502	06	3	38	f	4
503	06	2	38	f	4
504	06	1	39	f	20
505	06	3	39	f	4
506	06	2	39	f	4
507	06	1	40	f	4
508	06	4	40	f	4
509	06	1	41	f	4
510	06	1	42	f	4
511	06	1	43	f	4
512	06	1	44	f	4
513	06	1	45	f	6
514	06	1	46	t	6
515	06	1	47	t	2
516	06	1	48	t	7
517	07	1	1	f	133
518	07	1	1	t	4
519	07	1	2	f	22
520	07	1	2	t	2
521	07	1	3	f	35
522	07	1	3	t	2
523	07	1	4	f	6
524	07	1	4	t	2
525	07	1	5	f	20
526	07	1	5	t	1
527	07	1	6	f	196
528	07	1	6	t	10
529	07	3	7	f	20
530	07	1	8	f	14
531	07	1	8	t	2
533	07	1	9	t	2
534	07	1	10	f	3
535	07	1	10	t	2
536	07	1	11	f	8
537	07	1	11	t	2
538	07	1	12	f	8
539	07	1	12	t	2
540	07	1	13	f	39
541	07	1	13	t	8
542	07	1	14	f	26
543	07	3	14	f	4
544	07	1	15	f	12
545	07	3	15	f	2
546	07	1	16	f	36
547	07	3	16	f	12
548	07	1	17	f	6
549	07	1	18	f	6
550	07	1	19	f	3
551	07	1	20	f	14
552	07	3	20	f	7
553	07	1	21	f	5
554	07	1	22	f	7
555	07	1	23	f	4
556	07	1	24	f	0
557	07	1	25	f	30
558	07	1	26	f	15
559	07	3	26	f	5
560	07	1	27	f	3
561	07	3	27	f	1
562	07	1	28	f	15
563	07	3	28	f	5
564	07	5	29	f	25
565	07	1	30	f	24
566	07	3	30	f	8
567	07	4	30	f	24
568	07	2	30	f	8
569	07	1	31	f	12
570	07	1	32	f	24
571	07	1	33	f	10
572	07	3	33	f	4
573	07	4	33	f	4
574	07	2	33	f	4
575	07	1	34	f	4
576	07	3	34	f	2
577	07	4	34	f	2
578	07	2	34	f	2
579	07	1	35	f	8
580	07	3	35	f	4
581	07	4	35	f	4
582	07	2	35	f	4
583	07	1	36	f	4
584	07	3	36	f	1
585	07	1	37	f	0
586	07	3	37	f	0
587	07	1	38	f	20
\.


--
-- Data for Name: targ_env_gr_mp; Type: TABLE DATA; Schema: master; Owner: postgres
--

COPY master.targ_env_gr_mp (targ_env_gr_id, env_medium_id) FROM stdin;
3	N46
12	N56
12	N5Z
13	N51
13	N53
13	N52
13	N54
13	N55
13	N56
13	N5Z
19	I12
20	F11
25	F41
29	B21
48	N9P
48	N9Q
48	N9R
1	N21
1	N22
1	N23
1	N24
1	N26
1	N27
1	N28
1	N29
1	N2Y
2	N31
2	N3Z
3	N41
3	N42
3	N43
3	N44
3	N45
3	N4Z
4	N25
5	N2A
5	N2B
5	N2C
5	N9A
5	NZ2
6	N21
6	N22
6	N23
6	N24
6	N26
6	N27
6	N28
6	N29
6	N2Y
6	N31
6	N3Z
6	N41
6	N42
6	N43
6	N44
6	N45
6	N46
6	N4Z
6	N25
6	N2A
6	N2B
6	N2C
6	N9A
6	NZ2
7	N2A
7	N2B
7	N2C
7	N21
7	N22
7	N23
7	N24
7	N26
7	N27
7	N28
7	N29
7	N2Y
7	N31
7	N3Z
7	N41
7	N42
7	N43
7	N44
7	N45
7	N46
7	N4Z
7	N25
8	N51
9	N53
10	N52
11	N54
12	N55
14	N81
15	N82
16	N11
16	N12
16	N14
17	I13
18	I11
21	F21
22	F31
23	F41
24	F51
24	F52
24	F5Z
24	F61
24	F62
24	F63
25	F11
25	F21
25	F31
25	F51
25	F52
25	F5Z
25	F61
25	F62
25	F63
26	B31
26	B32
27	B33
28	B31
28	B32
28	B33
30	G11
30	G21
30	GZ1
31	G12
31	G22
32	G13
32	G23
33	N71
33	N72
33	N73
34	G51
34	G52
35	G41
36	N61
37	N63
38	A11
38	A12
39	A13
40	A31
41	A24
42	A21
43	A22
44	A23
45	A41
46	N91
46	N92
47	F21
47	F31
47	F51
47	F52
47	F5Z
47	F61
47	F62
47	F63
48	N61
48	N62
48	N63
48	N9O
\.


--
-- Name: targ_act_mmt_gr_id_seq; Type: SEQUENCE SET; Schema: master; Owner: postgres
--

SELECT pg_catalog.setval('master.targ_act_mmt_gr_id_seq', 6, false);


--
-- Name: targ_act_targ_id_seq; Type: SEQUENCE SET; Schema: master; Owner: postgres
--

SELECT pg_catalog.setval('master.targ_act_targ_id_seq', 1377, false);


--
-- Name: targ_env_gr_id_seq; Type: SEQUENCE SET; Schema: master; Owner: postgres
--

SELECT pg_catalog.setval('master.targ_env_gr_id_seq', 49, false);
