\set ON_ERROR_STOP on

--
-- PostgreSQL database dump
--

-- Dumped from database version 9.5.2
-- Dumped by pg_dump version 9.5.2

-- Started on 2016-05-04 09:10:49 CEST

SET statement_timeout = 0;
SET lock_timeout = 0;
SET client_encoding = 'UTF8';
SET standard_conforming_strings = on;
SET check_function_bodies = false;
SET client_min_messages = warning;

SET search_path = lada, pg_catalog;

--
-- TOC entry 4692 (class 0 OID 1170850)
-- Dependencies: 294
-- Data for Name: sample; Type: TABLE DATA; Schema: lada; Owner: postgres
--

SET SESSION AUTHORIZATION DEFAULT;

ALTER TABLE sample DISABLE TRIGGER ALL;

COPY sample (id, sample_ext_id, is_test, meas_facil_id, appr_lab_id, main_sample_id, regulation_id, opr_mode_id, sample_meth_id, env_descrip_display, env_descrip_name, env_medium_id, sample_start_date, sample_end_date, mid_sample_date, last_mod, dataset_creator_id, sampleer_id, state_mpg_id, mpg_id, sched_start_date, sched_end_date, tree_mod) FROM stdin;
660	000007590041X	t	12020	12020	N0013KE12	2	1	1	D: 01 03 52 02 00 00 00 00 00 00 00 00	Schafkäse	N92	2012-01-26 11:30:00+01	\N	\N	2017-03-22 20:10:18.048436	\N	784	\N	\N	2012-01-01 00:00:00	2012-01-31 21:59:59	2017-03-22 20:10:18.048436
409	000007589343X	t	12010	12010	A0239MP12	2	1	1	D: 01 02 07 03 00 00 00 00 00 00 00 00	Magermilchpulver	N94	2012-03-15 11:00:00+01	\N	\N	2017-03-22 20:10:18.048436	\N	1199	\N	\N	2012-03-01 00:00:00	2012-03-31 21:59:59	2017-03-22 20:10:18.048436
42	000007578227X	t	06010	06010	120109003	2	1	1	D: 01 03 26 03 04 02 00 00 00 00 00 00	Frischkäse Fettstufe auch mit Gewürzen/Kräutern	N91	2012-01-04 08:00:00+01	\N	\N	2017-03-22 20:10:18.048436	\N	734	\N	\N	2012-01-01 00:00:00	2012-01-31 21:59:59	2017-03-22 20:10:18.048436
313	000007575969X	t	11010	11010	122200001	2	1	1	D: 01 06 35 04 01 02 02 20 00 00 00 00	Suppenhuhn auch tiefgefroren	N54	2012-02-24 09:30:00+01	2012-02-24 09:30:00+01	\N	2017-03-22 20:10:18.048436	\N	\N	\N	\N	2012-01-01 00:00:00	2012-12-31 21:59:59	2017-03-22 20:10:18.048436
311	000007575967X	t	11010	11010	122100011	2	1	1	D: 01 06 40 04 01 02 02 11 00 00 00 00	Fleischteilstück Reh auch tiefgefroren	N56	2012-06-04 10:00:00+02	2012-06-04 10:00:00+02	\N	2017-03-22 20:10:18.048436	\N	\N	\N	\N	2012-01-01 00:00:00	2012-06-30 21:59:59	2017-03-22 20:10:18.048436
112	000007575752X	t	11010	11010	122800001	2	1	1	D: 01 01 01 07 01 02 00 20 00 00 00 00	Sammelmilch mehrerer Erzeugerbetriebe/Rohmilch	N12	2012-01-10 09:30:00+01	2012-01-10 09:30:00+01	\N	2017-03-22 20:10:18.048436	\N	\N	\N	\N	2012-01-09 00:00:00	2012-01-15 21:59:59	2017-03-22 20:10:18.048436
117	000007578031X	t	06060	06060	1420	2	1	1	D: 01 01 01 06 02 00 00 00 00 00 00 00	Sammelmilch eines Einzelbetriebes/Rohmilch	N11	2012-01-25 11:00:00+01	\N	\N	2017-03-22 20:10:18.048436	553	727	\N	\N	2012-01-23 00:00:00	2012-01-29 21:59:59	2017-03-22 20:10:18.048436
307	000007575960X	t	11010	11010	122100004	2	1	1	D: 01 06 16 19 01 02 02 20 00 00 00 00	Schnitzel Schwein auch tiefgefroren	N53	2012-02-24 09:30:00+01	2012-02-24 09:30:00+01	\N	2017-03-22 20:10:18.048436	\N	\N	\N	\N	2012-01-01 00:00:00	2012-03-31 21:59:59	2017-03-22 20:10:18.048436
203	000007575864X	t	11010	11010	122400003	2	1	1	D: 01 10 29 50 01 02 05 01 02 00 00 00	Schleie (Tinca tinca) Süßwasserfisch	N61	2012-06-01 09:00:00+02	2012-06-01 09:00:00+02	\N	2017-03-22 20:10:18.048436	\N	\N	\N	\N	2012-03-26 00:00:00	2012-12-09 21:59:59	2017-03-22 20:10:18.048436
357	000007578195X	t	06010	06010	120110255	2	1	1	D: 01 12 01 13 04 02 02 00 00 00 00 00	Tiefseegarnele (Pandalus sp.)	N63	2012-01-10 10:00:00+01	\N	\N	2017-03-22 20:10:18.048436	\N	734	\N	\N	2012-01-01 00:00:00	2012-01-31 21:59:59	2017-03-22 20:10:18.048436
292	000007575939X	t	11010	11010	121300007	2	1	1	D: 01 15 01 01 01 02 01 00 00 00 00 00	Weizenkörner	N31	2012-01-27 10:15:00+01	2012-01-27 10:15:00+01	\N	2017-03-22 20:10:18.048436	\N	\N	\N	\N	2012-01-01 00:00:00	2012-12-31 21:59:59	2017-03-22 20:10:18.048436
294	000007575941X	t	11010	11010	121300009	2	1	1	D: 01 15 06 03 01 02 01 00 00 00 00 00	Langkornreis	N3Z	2012-01-27 10:45:00+01	2012-01-27 10:45:00+01	\N	2017-03-22 20:10:18.048436	\N	\N	\N	\N	2012-01-01 00:00:00	2012-12-31 21:59:59	2017-03-22 20:10:18.048436
25	000007587696X	t	06010	06010	120614003	2	1	1	D: 01 29 01 02 00 00 00 00 02 00 00 00	Erdbeere	N44	2012-06-14 08:00:00+02	\N	\N	2017-03-22 20:10:18.048436	\N	92	\N	\N	2012-07-01 00:00:00	2012-07-31 21:59:59	2017-03-22 20:10:18.048436
145	000007578087X	t	06010	06010	120425002	2	1	1	D: 01 24 01 02 04 00 00 00 00 00 00 00	Kartoffel festkochend (Salatware)	N25	2012-04-24 11:00:00+02	\N	\N	2017-03-22 20:10:18.048436	\N	734	\N	\N	2012-04-01 00:00:00	2012-04-30 21:59:59	2017-03-22 20:10:18.048436
4	000007587554X	t	06010	06010	120619003	2	1	1	D: 01 25 01 01 00 00 00 00 02 00 00 00	Kopfsalat	N21	2012-06-18 09:30:00+02	\N	\N	2017-03-22 20:10:18.048436	\N	78	\N	\N	2012-06-01 00:00:00	2012-07-31 21:59:59	2017-03-22 20:10:18.048436
140	000007578082X	t	06010	06010	120109006	2	1	1	D: 01 25 03 02 04 02 00 00 02 00 00 00	Gemüsepaprika	N23	2012-01-04 06:30:00+01	\N	\N	2017-03-22 20:10:18.048436	\N	734	\N	\N	2012-01-01 00:00:00	2012-01-31 21:59:59	2017-03-22 20:10:18.048436
284	000007575917X	t	11010	11010	121100004	2	1	1	D: 01 25 04 06 01 02 02 00 02 00 00 00	Radieschen	N22	2012-06-04 09:30:00+02	2012-06-04 09:30:00+02	\N	2017-03-22 20:10:18.048436	\N	\N	\N	\N	2012-05-21 00:00:00	2012-07-01 21:59:59	2017-03-22 20:10:18.048436
703	000007590316X	t	06010	06010	120426001	2	1	1	D: 01 27 08 03 01 00 02 00 00 00 00 00	Speisemorchel (Morchella esculenta)	N2A	2012-04-24 22:00:00+02	\N	\N	2017-03-22 20:10:18.048436	\N	977	716	\N	2012-01-10 00:00:00	2012-01-10 21:59:59	2017-03-22 20:10:18.048436
301	000007575950X	t	11010	11010	121200009	2	1	1	D: 01 29 01 14 01 02 02 00 00 00 00 00	Moosbeere	N46	2012-01-27 10:30:00+01	2012-01-27 10:30:00+01	\N	2017-03-22 20:10:18.048436	\N	\N	\N	\N	2012-01-01 00:00:00	2012-12-31 21:59:59	2017-03-22 20:10:18.048436
300	000007575949X	t	11010	11010	121200008	2	1	1	D: 01 29 02 01 01 02 02 00 00 00 00 00	Apfel	N42	2012-01-27 10:45:00+01	2012-01-27 10:45:00+01	\N	2017-03-22 20:10:18.048436	\N	\N	\N	\N	2012-01-01 00:00:00	2012-12-31 21:59:59	2017-03-22 20:10:18.048436
24	000007587691X	t	06010	06010	120619004	2	1	1	D: 01 29 03 07 00 00 00 00 00 00 00 00	Süßkirsche	N43	2012-06-18 11:30:00+02	\N	\N	2017-03-22 20:10:18.048436	\N	78	\N	\N	2012-06-01 00:00:00	2012-06-30 21:59:59	2017-03-22 20:10:18.048436
296	000007575943X	t	11010	11010	121200002	2	1	1	D: 01 29 05 14 01 02 02 00 02 00 00 00	Rhabarber	N4Z	2012-05-07 10:10:00+02	2012-05-07 10:10:00+02	\N	2017-03-22 20:10:18.048436	\N	\N	\N	\N	2012-08-06 00:00:00	2012-10-21 21:59:59	2017-03-22 20:10:18.048436
99	000007575726X	t	11010	11010	123100001	2	1	3	D: 01 50 90 01 06 02 05 00 00 00 00 51 00	Tageskost einschl. flüssiger Bestandteile und Getränke	N81	2012-01-03 23:00:00+01	2012-01-04 22:00:00+01	82800	2017-03-22 20:10:18.048436	\N	\N	\N	\N	2012-01-02 00:00:00	2012-01-15 21:59:59	2017-03-22 20:10:18.048436
67	000007578283X	t	06010	06010	120309009	2	1	1	D: 09 01 07 01 00 00 00 00 00 00 00 00	Reststoffe aus Verbrennungsanlagen	A22	2012-03-09 11:30:00+01	\N	\N	2017-03-22 20:10:18.048436	\N	813	\N	\N	2012-03-05 00:00:00	2012-03-11 21:59:59	2017-03-22 20:10:18.048436
194	000007575847X	t	11010	11010	125500001	2	1	1	D: 01 59 01 01 05 02 03 03 01 01 00 00	Rohwasser aus Grundwasser nicht aufbereitet	G51	2012-03-02 12:10:00+01	2012-03-02 12:10:00+01	\N	2017-03-22 20:10:18.048436	\N	\N	\N	\N	2012-01-09 00:00:00	2012-04-01 21:59:59	2017-03-22 20:10:18.048436
3	000007581040X	t	06010	06010	120515001	2	1	1	D: 01 59 03 01 01 02 05 01 02 00 00 00	Trinkwasser Zentralversorgung Grundwasser aufbereitet	N71	2012-05-10 11:00:00+02	\N	\N	2017-03-22 20:10:18.048436	\N	714	\N	\N	2012-05-07 00:00:00	2012-05-13 21:59:59	2017-03-22 20:10:18.048436
1	000007581034X	t	06010	06010	120510002	2	1	1	D: 01 59 04 01 00 05 05 01 02 00 00 00	Trinkwasser Zentralversorgung Oberflächenwasser aufbereitet	N72	2012-05-08 11:00:00+02	\N	\N	2017-03-22 20:10:18.048436	\N	726	\N	\N	2012-05-07 00:00:00	2012-05-13 21:59:59	2017-03-22 20:10:18.048436
31	000007578204X	t	06010	06010	120210003	2	1	1	D: 01 59 05 01 05 05 05 01 02 00 00 00	Trinkwasser aus Mischwasser Zentralversorgung aufbereitet	N73	2012-02-07 23:00:00+01	\N	\N	2017-03-22 20:10:18.048436	\N	724	\N	\N	2012-02-06 00:00:00	2012-02-12 21:59:59	2017-03-22 20:10:18.048436
84	000007578312X	t	06010	06010	120404004	2	1	1	D: 04 01 98 01 00 00 23 07 00 72 03 00	Unbearbeiteter Boden	B33	2012-04-02 12:30:00+02	\N	\N	2017-03-22 20:10:18.048436	\N	60	\N	\N	2012-04-02 00:00:00	2012-04-08 21:59:59	2017-03-22 20:10:18.048436
76	000007578301X	t	06010	06010	120326001	2	1	1	D: 04 01 42 28 00 00 10 08 00 31 03 00	Unbearbeiteter Boden	B31	2012-03-26 09:00:00+02	\N	\N	2017-03-22 20:10:18.048436	\N	813	\N	\N	2012-04-02 00:00:00	2012-04-08 21:59:59	2017-03-22 20:10:18.048436
88	000007578316X	t	06010	06010	120326002	2	1	1	D: 04 01 24 84 00 00 60 15 00 31 07 00	Unbearbeiteter Boden	B34	2012-03-26 10:40:00+02	\N	\N	2017-03-22 20:10:18.048436	\N	813	\N	\N	2012-04-02 00:00:00	2012-04-08 21:59:59	2017-03-22 20:10:18.048436
180	000007575819X	t	11010	11010	126100037	2	1	1	D: 06 04 05 01 00 00 00 02 01 01 00 00	Sediment	G13	2012-03-12 10:30:00+01	2012-03-12 10:30:00+01	\N	2017-03-22 20:10:18.048436	\N	\N	\N	\N	2012-01-01 00:00:00	2012-03-31 21:59:59	2017-03-22 20:10:18.048436
97	000007578331X	t	06010	06010	120306001	2	1	3	D: 06 05 00 01 00 00 00 06 00 00 01 00	Schwebstoffe	G12	2012-01-24 09:00:00+01	2012-02-24 09:00:00+01	2678400	2017-03-22 20:10:18.048436	\N	60	\N	\N	2012-01-23 00:00:00	2012-02-19 21:59:59	2017-03-22 20:10:18.048436
91	000007578319X	t	06060	06060	14246	2	1	1	D: 06 02 00 01 00 00 01 02 02 00 00 00	Oberflächenwasser	G11	2012-02-13 11:00:00+01	\N	\N	2017-03-22 20:10:18.048436	553	60	\N	\N	2012-02-13 00:00:00	2012-02-19 21:59:59	2017-03-22 20:10:18.048436
186	000007575831X	t	11010	11010	126100049	2	1	1	D: 06 05 00 02 00 00 00 01 00 00 00 00	Schwebstoffe	G22	2012-03-06 11:00:00+01	2012-03-06 11:00:00+01	\N	2017-03-22 20:10:18.048436	\N	\N	\N	\N	2012-01-01 00:00:00	2012-03-31 21:59:59	2017-03-22 20:10:18.048436
174	000007575807X	t	11010	11010	126100025	2	1	1	D: 06 04 05 02 00 00 00 02 01 01 00 00	Sediment	G23	2012-03-06 11:00:00+01	2012-03-06 11:00:00+01	\N	2017-03-22 20:10:18.048436	\N	\N	\N	\N	2012-01-01 00:00:00	2012-03-31 21:59:59	2017-03-22 20:10:18.048436
160	000007575783X	t	11010	11010	126100001	2	1	3	D: 06 02 00 02 00 00 01 04 02 00 00 00	Oberflächenwasser	G21	2012-01-17 11:00:00+01	2012-03-13 11:00:00+01	4838400	2017-03-22 20:10:18.048436	\N	\N	\N	\N	2012-01-01 00:00:00	2012-03-31 21:59:59	2017-03-22 20:10:18.048436
200	000007575856X	t	11010	11010	125500010	2	1	1	D: 06 03 00 01 00 00 01 03 00 00 00 00	Grundwasser	G41	2012-04-27 07:00:00+02	2012-04-27 07:00:00+02	\N	2017-03-22 20:10:18.048436	\N	\N	\N	\N	2012-01-01 00:00:00	2012-06-30 21:59:59	2017-03-22 20:10:18.048436
45	000007578239X	t	06010	06010	120120005	2	1	1	D: 08 01 03 01 00 00 00 06 00 00 00 00	Abwasser	A11	2012-01-19 06:00:00+01	\N	\N	2017-03-22 20:10:18.048436	\N	60	\N	\N	2012-01-09 00:00:00	2012-01-15 21:59:59	2017-03-22 20:10:18.048436
55	000007578259X	t	06010	06010	120120006	2	1	1	D: 08 02 04 01 00 00 04 02 00 00 00 00	Schlamm aus Abwässern	A13	2012-01-19 07:00:00+01	\N	\N	2017-03-22 20:10:18.048436	\N	60	\N	\N	2012-01-09 00:00:00	2012-01-15 21:59:59	2017-03-22 20:10:18.048436
69	000007578287X	t	06010	06010	120309008	2	1	1	D: 09 01 16 01 00 00 00 00 00 00 00 00	Reststoffe aus Verbrennungsanlagen	A23	2012-03-09 11:30:00+01	\N	\N	2017-03-22 20:10:18.048436	\N	813	\N	\N	2012-03-05 00:00:00	2012-03-11 21:59:59	2017-03-22 20:10:18.048436
70	000007578289X	t	06010	06010	120309004	2	1	1	D: 09 01 14 05 00 00 00 00 00 00 00 00	Reststoffe aus Verbrennungsanlagen	A24	2012-03-07 09:00:00+01	\N	\N	2017-03-22 20:10:18.048436	\N	60	\N	\N	2012-03-05 00:00:00	2012-03-11 21:59:59	2017-03-22 20:10:18.048436
65	000007578279X	t	06010	06010	120309005	2	1	1	D: 09 01 02 05 00 00 00 00 00 00 00 00	Reststoffe aus Verbrennungsanlagen	A21	2012-03-07 09:00:00+01	\N	\N	2017-03-22 20:10:18.048436	\N	60	\N	\N	2012-03-05 00:00:00	2012-03-11 21:59:59	2017-03-22 20:10:18.048436
78	000007578303X	t	06010	06010	120330006	2	1	1	D: 04 02 42 26 00 00 01 25 00 31 03 00	Ackerboden	B32	2012-03-28 11:00:00+02	\N	\N	2017-03-22 20:10:18.048436	\N	60	\N	\N	2012-04-02 00:00:00	2012-04-08 21:59:59	2017-03-22 20:10:18.048436
36	000007578214X	t	06010	06010	120502004	2	1	1	D: 01 48 25 04 02 00 00 00 00 00 00 00	Milch für die besondere Ernährung von Kleinkindern	N82	2012-04-27 08:00:00+02	\N	\N	2017-03-22 20:10:18.048436	\N	729	\N	\N	2012-04-01 00:00:00	2012-04-30 21:59:59	2017-03-22 20:10:18.048436
157	000007575772X	t	11010	11010	125100001	2	1	1	D: 02 01 01 01 00 02 00 00 00 00 00 21 00 00 00 01 00 00 00 00 00 00 00 00 00	Grünfutter	A3	2012-05-21 09:30:00+02	2012-05-21 09:30:00+02	\N	2017-03-22 20:10:18.048436	\N	\N	\N	\N	2012-04-16 00:00:00	2012-06-17 21:59:59	2017-03-22 20:10:18.048436
19	000007587671X	t	06010	06010	120614002	2	1	1	D: 01 25 02 25 00 00 00 00 02 00 00 00	Spargel, weiß	N24	2012-06-14 07:00:00+02	\N	\N	2017-03-22 20:10:18.048436	\N	92	\N	\N	2012-06-01 00:00:00	2012-06-30 21:59:59	2017-03-22 20:10:18.048436
707	000007613597X	t	11010	11010	125100012	2	1	1	D: 02 02 20 00 00 02 00 00 00 00 00 00	Silagen	F5Z	2012-01-11 10:00:00+01	2012-01-11 10:00:00+01	\N	2017-03-22 20:10:18.048436	\N	\N	\N	\N	\N	\N	2017-03-22 20:10:18.048436
158	000007575778X	t	11010	11010	125100007	2	1	1	D: 02 06 48 00 00 01 00 00 00 00 00 00	Nebenerzeugnisse trocken	F62	2012-01-27 10:15:00+01	2012-01-27 10:15:00+01	\N	2017-03-22 20:10:18.048436	\N	\N	\N	\N	2012-01-01 00:00:00	2012-12-31 21:59:59	2017-03-22 20:10:18.048436
155	000007575767X	t	11010	11010	125300001	2	1	1	D: 03 09 01 00 00 00 00 00 00 00 00 00	Pflanzliche Indikatoren	I13	2012-05-14 10:00:00+02	2012-05-14 10:00:00+02	\N	2017-03-22 20:10:18.048436	\N	\N	\N	\N	2012-05-07 00:00:00	2012-09-30 21:59:59	2017-03-22 20:10:18.048436
73	000007578295X	t	06060	06060	1436	2	1	1	D: 09 03 00 00 00 00 00 00 00 00 00 00	Kompostierung	A41	2012-05-10 10:00:00+02	\N	\N	2017-03-22 20:10:18.048436	553	813	\N	\N	2012-05-07 00:00:00	2012-05-13 21:59:59	2017-03-22 20:10:18.048436
71	000007578291X	t	06010	06010	120523008	2	1	1	D: 09 02 08 00 00 00 00 00 00 00 00 00	Deponie	A31	2012-05-11 10:30:00+02	\N	\N	2017-03-22 20:10:18.048436	\N	813	\N	\N	2012-05-07 00:00:00	2012-05-13 21:59:59	2017-03-22 20:10:18.048436
354	000007578191X	t	06010	06010	120110258	2	1	1	D: 01 10 55 00 00 00 00 00 00 00 00 00	Barschartige Fische Seefische Zuschnitte	N62	2012-01-10 09:00:00+01	\N	\N	2017-03-22 20:10:18.048436	\N	734	\N	\N	2012-01-01 00:00:00	2012-01-31 21:59:59	2017-03-22 20:10:18.048436
353	000007578188X	t	06010	06010	120117004	2	1	1	D: 01 06 23 00 05 02 02 00 00 00 00 00	Fleischteilstücke Lamm/Schaf auch tiefgefroren	N55	2012-01-17 10:00:00+01	\N	\N	2017-03-22 20:10:18.048436	\N	734	\N	\N	2012-01-01 00:00:00	2012-06-30 21:59:59	2017-03-22 20:10:18.048436
147	000007578141X	t	06060	06060	1424	2	1	1	D: 01 06 02 00 00 00 00 00 00 00 00 00	Fleischteilstücke Rind auch tiefgefroren	N51	2012-02-22 11:00:00+01	\N	\N	2017-03-22 20:10:18.048436	553	714	\N	\N	2012-02-01 00:00:00	2012-02-29 21:59:59	2017-03-22 20:10:18.048436
406	000007589328X	t	12020	12020	N0198FU12	2	1	1	D: 02 01 16 00 00 00 00 00 00 00 00 00	Grünfutter	F12	2012-06-07 09:00:00+02	\N	\N	2017-03-22 20:10:18.048436	\N	1859	\N	\N	2012-04-01 00:00:00	2012-06-30 21:59:59	2017-03-22 20:10:18.048436
\.


ALTER TABLE sample ENABLE TRIGGER ALL;

SELECT setval(pg_get_serial_sequence('sample', 'id'),
    (SELECT max(id) FROM sample));


--
-- TOC entry 4687 (class 0 OID 1170823)
-- Dependencies: 289
-- Data for Name: measm; Type: TABLE DATA; Schema: lada; Owner: postgres
--

ALTER TABLE measm DISABLE TRIGGER ALL;

COPY measm (id, sample_ext_id, sample_id, min_sample_id, mmt_id, meas_pd, measm_start_date, is_completed, status, last_mod, is_scheduled, tree_mod) FROM stdin;
179	1	660	01G1	G1	82693	2012-01-30 09:32:00	t	571	2012-03-06 17:42:26	t	2016-03-17 09:19:04.94469
198	1	409	01G1	G1	161733	2012-03-19 23:00:00	t	572	2012-04-17 19:42:25	t	2016-03-17 09:19:04.94469
699	1	313	G101	G1	247215	2012-02-24 11:00:00	t	574	2012-03-06 17:42:26	t	2016-03-17 09:19:04.94469
697	1	311	G101	G1	90333	2012-06-13 11:00:00	t	575	2012-06-26 16:43:09	t	2016-03-17 09:19:04.94469
765	2	112	BS01	BS	60000	2012-02-15 14:48:00	t	579	2012-02-22 15:42:21	t	2016-03-17 09:19:04.94469
764	1	112	G101	G1	164945	2012-01-16 11:00:00	t	578	2012-01-25 11:42:08	t	2016-03-17 09:19:04.94469
876	1	117	0001	G1	100000	2012-01-25 13:08:00	t	576	2012-02-03 16:45:22	t	2016-03-17 09:19:04.94469
877	2	117	0002	BS	36000	2012-05-09 12:00:00	t	577	2012-08-16 10:44:27	t	2016-03-17 09:19:04.94469
693	1	307	G101	G1	247808	2012-02-24 11:00:00	t	580	2012-03-06 17:42:26	t	2016-03-17 09:19:04.94469
604	1	203	G101	G1	100732	2012-06-05 08:00:00	t	581	2012-06-11 15:45:32	t	2016-03-17 09:19:04.94469
677	1	292	G101	G1	330852	2012-01-27 12:00:00	t	583	2012-02-03 16:45:22	t	2016-03-17 09:19:04.94469
679	1	294	G101	G1	245865	2012-01-27 12:00:00	t	584	2012-02-03 16:45:22	t	2016-03-17 09:19:04.94469
404	1	140	00G1	G1	60000	2012-01-05 14:35:00	t	588	2012-01-25 11:42:08	t	2016-03-17 09:19:04.94469
669	1	284	G101	G1	105051	2012-06-05 07:00:00	t	589	2012-06-15 18:43:15	t	2016-03-17 09:19:04.94469
382	1	703	00G1	G1	3600	2012-04-26 11:33:00	t	590	2012-05-07 11:45:47	t	2016-03-17 09:19:04.94469
687	1	301	G101	G1	249270	2012-02-03 10:00:00	t	591	2012-02-16 16:42:24	t	2016-03-17 09:19:04.94469
686	1	300	G101	G1	166714	2012-01-30 10:00:00	t	592	2012-02-03 16:45:22	t	2016-03-17 09:19:04.94469
906	1	24	00G1	G1	60000	2012-06-19 13:33:00	t	593	2012-06-26 16:43:09	t	2016-03-17 09:19:04.94469
682	1	296	G101	G1	158952	2012-05-07 12:00:00	t	594	2012-05-23 12:42:55	t	2016-03-17 09:19:04.94469
749	1	99	G101	G1	421389	2012-01-11 10:00:00	t	595	2012-01-25 12:42:18	t	2016-03-17 09:19:04.94469
855	1	194	BH01	BH	36000	2012-03-28 12:00:00	t	596	2012-04-16 14:42:18	t	2016-03-17 09:19:04.94469
856	4	194	G101	G1	346327	2012-03-16 11:00:00	t	597	2012-03-26 11:42:27	t	2016-03-17 09:19:04.94469
857	2	194	A101	A1	422783	2012-04-27 12:00:00	t	598	2012-05-14 13:42:57	t	2016-03-17 09:19:04.94469
858	3	194	Bs01	BS	60000	2012-05-09 14:20:00	t	599	2012-05-30 12:42:36	t	2016-03-17 09:19:04.94469
859	5	194	A102	A1	422795	2012-04-27 12:00:00	t	600	2012-05-14 13:42:57	f	2016-03-17 09:19:04.94469
781	3	3	00G1	G1	60000	2012-05-29 12:59:00	t	601	2012-06-29 11:42:27	t	2016-03-17 09:19:04.94469
782	1	3	0003	BS	36000	2012-06-15 10:00:00	t	602	2012-07-18 11:42:37	t	2016-03-17 09:19:04.94469
783	4	3	00A1	A1	230005	2012-08-31 08:47:00	t	603	2012-10-02 10:42:49	t	2016-03-17 09:19:04.94469
784	2	3	0004	BH	18000	2012-06-29 10:00:00	t	604	2012-07-18 11:42:37	t	2016-03-17 09:19:04.94469
776	1	1	00A1	A1	230005	2012-08-31 08:44:00	t	605	2012-10-02 10:42:49	t	2016-03-17 09:19:04.94469
777	2	1	00G1	G1	60000	2012-06-11 13:52:00	t	606	2012-06-29 11:42:27	t	2016-03-17 09:19:04.94469
778	4	1	0004	BH	18000	2012-06-29 10:00:00	t	607	2012-07-18 11:42:37	t	2016-03-17 09:19:04.94469
779	3	1	0003	BS	36000	2012-06-15 10:00:00	t	608	2012-07-18 11:42:37	t	2016-03-17 09:19:04.94469
457	1	31	00G1	G1	60000	2012-03-01 15:33:00	t	609	2012-03-15 14:42:18	t	2016-03-17 09:19:04.94469
546	2	84	00G1	G1	60000	2012-04-17 13:21:00	t	610	2012-06-29 13:42:59	t	2016-03-17 09:19:04.94469
547	1	84	0003	BS	36000	2012-11-13 11:00:00	t	611	2013-02-22 11:42:23	t	2016-03-17 09:19:04.94469
536	1	76	00G1	G1	60000	2012-03-30 12:20:00	t	612	2012-04-20 17:42:12	t	2016-03-17 09:19:04.94469
552	1	88	0003	BS	36000	2012-10-25 10:00:00	t	613	2012-11-09 17:42:48	t	2016-03-17 09:19:04.94469
553	2	88	00G1	G1	60000	2012-03-30 12:15:00	t	614	2012-04-20 17:42:12	t	2016-03-17 09:19:04.94469
841	1	180	G101	G1	246610	2012-03-16 11:00:00	t	615	2012-03-27 13:42:09	t	2016-03-17 09:19:04.94469
574	1	97	00G1	G1	60000	2012-03-07 14:12:00	t	616	2012-03-27 13:42:09	t	2016-03-17 09:19:04.94469
558	2	91	0003	BH	18000	2012-03-12 21:40:00	t	617	2012-07-27 11:42:24	t	2016-03-17 09:19:04.94469
559	1	91	0001	G1	150000	2012-02-29 16:36:00	t	618	2012-03-06 12:42:22	t	2016-03-17 09:19:04.94469
847	1	186	G101	G1	244982	2012-03-09 12:00:00	t	619	2012-03-12 11:42:52	t	2016-03-17 09:19:04.94469
835	1	174	G101	G1	264401	2012-03-13 09:00:00	t	620	2012-03-27 13:42:09	t	2016-03-17 09:19:04.94469
792	1	160	BS01	BS	60000	2012-05-14 13:50:00	t	621	2012-05-22 15:42:28	t	2016-03-17 09:19:04.94469
793	4	160	BH01	BH	36000	2012-03-27 12:00:00	t	622	2012-04-18 17:42:24	t	2016-03-17 09:19:04.94469
794	3	160	G101	G1	136410	2012-03-20 12:00:00	t	623	2012-03-27 13:42:09	t	2016-03-17 09:19:04.94469
795	2	160	A101	A1	416061	2012-05-02 12:00:00	t	624	2012-05-11 19:42:33	t	2016-03-17 09:19:04.94469
796	5	160	A102	A1	338466	2012-05-03 12:00:00	t	625	2012-05-11 19:42:33	f	2016-03-17 09:19:04.94469
593	1	200	BH01	BH	36000	2012-07-05 12:00:00	t	626	2012-07-27 11:42:24	t	2016-03-17 09:19:04.94469
594	3	200	A101	A1	344683	2012-06-01 12:00:00	t	627	2012-06-12 11:46:00	t	2016-03-17 09:19:04.94469
595	4	200	BS01	BS	1000	2012-07-10 12:40:00	t	628	2012-07-27 11:42:24	t	2016-03-17 09:19:04.94469
596	2	200	G101	G1	696089	2012-05-15 10:00:00	t	629	2012-06-12 11:46:00	t	2016-03-17 09:19:04.94469
597	5	200	A102	A1	436113	2012-05-31 12:00:00	t	630	2012-06-12 11:46:00	f	2016-03-17 09:19:04.94469
649	1	45	00G1	G1	60000	2012-01-26 14:26:00	t	631	2012-03-12 09:12:13	t	2016-03-17 09:19:04.94469
499	1	55	00G1	G1	60000	2012-02-01 13:54:00	t	632	2012-03-15 13:42:20	t	2016-03-17 09:19:04.94469
517	1	69	00G1	G1	60000	2012-03-13 14:19:00	t	633	2012-03-26 11:42:27	t	2016-03-17 09:19:04.94469
515	1	67	00G1	G1	60000	2012-03-13 14:17:00	t	634	2012-03-26 11:42:27	t	2016-03-17 09:19:04.94469
518	1	70	00G1	G1	60000	2012-03-14 14:41:00	t	635	2012-03-26 11:42:27	t	2016-03-17 09:19:04.94469
513	1	65	00G1	G1	60000	2012-03-13 14:24:00	t	636	2012-03-26 11:42:27	t	2016-03-17 09:19:04.94469
538	2	78	00G1	G1	60000	2012-04-04 14:01:00	t	637	2012-05-07 18:42:50	t	2016-03-17 09:19:04.94469
539	1	78	0003	BS	36000	2012-06-21 10:00:00	t	638	2012-07-12 17:42:35	t	2016-03-17 09:19:04.94469
639	2	36	0003	BS	36000	2012-09-10 10:00:00	t	639	2013-02-22 11:42:23	t	2016-03-17 09:19:04.94469
640	1	36	00G1	G1	60000	2012-05-02 13:44:00	t	640	2012-09-18 12:41:00	t	2016-03-17 09:19:04.94469
788	1	157	G101	G1	445822	2012-05-24 09:00:00	t	645	2012-06-07 18:42:19	t	2016-03-17 09:19:04.94469
901	1	19	00G1	G1	60000	2012-06-14 14:03:00	t	641	2012-06-26 15:42:31	t	2016-03-17 09:19:04.94469
900	1	707	G101	G1	419333	2012-01-18 11:00:00	t	642	2012-01-24 19:42:23	f	2016-03-17 09:19:04.94469
789	1	158	G101	G1	425991	2012-02-01 09:00:00	t	643	2012-02-16 19:42:18	t	2016-03-17 09:19:04.94469
785	1	155	G101	G1	345463	2012-05-18 06:00:00	t	646	2012-06-05 17:42:20	t	2016-03-17 09:19:04.94469
533	1	73	0001	G1	100000	2012-05-22 11:12:00	t	647	2012-05-30 12:42:35	t	2016-03-17 09:19:04.94469
529	1	71	0004	BH	18000	2012-06-30 10:00:00	t	648	2012-07-18 11:42:37	t	2016-03-17 09:19:04.94469
530	2	71	00G1	G1	60000	2012-05-31 13:32:00	t	649	2012-06-29 13:42:59	t	2016-03-17 09:19:04.94469
452	1	354	00G1	G1	60000	2012-01-12 14:22:00	t	650	2012-01-20 19:42:14	t	2016-03-17 09:19:04.94469
451	1	353	00G1	G1	60000	2012-01-18 15:20:00	t	651	2012-02-03 16:45:22	t	2016-03-17 09:19:04.94469
411	1	147	0001	G1	50000	2012-02-28 12:38:00	t	653	2012-03-06 17:42:26	t	2016-03-17 09:19:04.94469
195	1	406	01G1	G1	85198	2012-06-11 13:06:00	t	654	2012-07-17 15:42:25	t	2016-03-17 09:19:04.94469
409	1	145	00G1	G1	60000	2012-04-25 13:10:00	t	655	2021-02-24 08:09:11.941632	t	2021-02-24 08:09:11.941632
907	1	25	00G1	G1	60000	2012-06-14 14:05:00	t	656	2021-02-24 08:09:11.944068	t	2021-02-24 08:09:11.944068
455	1	357	00G1	G1	60000	2012-01-12 14:24:00	t	657	2021-02-24 08:09:11.957927	t	2021-02-24 08:09:11.957927
45	1	4	00G1	G1	60000	2012-06-19 13:40:00	t	658	2021-02-24 08:09:11.990966	t	2021-02-24 08:09:11.990966
646	1	42	00G1	G1	60000	2012-01-09 14:48:00	t	659	2021-02-24 08:09:12.011283	t	2021-02-24 08:09:12.011283
\.


ALTER TABLE measm ENABLE TRIGGER ALL;

SELECT setval(pg_get_serial_sequence('measm', 'id'),
    (SELECT max(id) FROM measm));


--
-- TOC entry 4681 (class 0 OID 1170751)
-- Dependencies: 283
-- Data for Name: comm_measm; Type: TABLE DATA; Schema: lada; Owner: postgres
--

ALTER TABLE comm_measm DISABLE TRIGGER ALL;

COPY comm_measm (id, meas_facil_id, date, text, measm_id) FROM stdin;
481	12020	2012-07-12 06:18:00	Messung FM\nFM/TM lt Stammdaten	195
482	12020	2012-07-12 09:32:00	Messung FM\nFM/TM lt Stammdaten	195
\.


ALTER TABLE comm_measm ENABLE TRIGGER ALL;

SELECT setval(pg_get_serial_sequence('comm_measm', 'id'),
    (SELECT max(id) FROM comm_measm));


--
-- TOC entry 4682 (class 0 OID 1170759)
-- Dependencies: 284
-- Data for Name: comm_sample; Type: TABLE DATA; Schema: lada; Owner: postgres
--

ALTER TABLE comm_sample DISABLE TRIGGER ALL;

COPY comm_sample (id, meas_facil_id, date, text, sample_id) FROM stdin;
120	12020	2011-12-14 12:43:38	n_im04	660
168	06010	2011-11-07 12:10:49	A76, A0-Horizont: Probenahmetiefe (Mächtigkeit der Humusschicht) notieren!	84
183	12020	2011-12-14 12:30:49	n_pf07	406
186	12010	2011-12-14 12:31:07	o_mi02	409
344	06010	2012-04-26 10:56:00	#125404438#	703
373	12020	2012-02-22 11:38:00	MHD 25.05.12                  /	660
379	06010	2012-01-18 11:44:00	Wolfsbarschfilet	354
413	11010	2012-06-18 06:52:49	Rehkeule	311
444	12020	2012-07-12 06:18:00	FM/TM lt. Stammdaten          /für Grüngetreide	406
455	12020	2012-07-12 09:32:00	FM/TM lt. Stammdaten          /für Grüngetreide	406
\.


ALTER TABLE comm_sample ENABLE TRIGGER ALL;

SELECT setval(pg_get_serial_sequence('comm_sample', 'id'),
    (SELECT max(id) FROM comm_sample));


--
-- TOC entry 4690 (class 0 OID 1170837)
-- Dependencies: 292
-- Data for Name: meas_val; Type: TABLE DATA; Schema: lada; Owner: postgres
--

ALTER TABLE meas_val DISABLE TRIGGER ALL;

COPY meas_val (id, measm_id, measd_id, less_than_LOD, name, meas_err, detect_lim, unit_id, is_threshold, last_mod, tree_mod) FROM stdin;
6076	179	28	\N	19	4.5	\N	67	\N	2012-02-22 12:38:39	2016-03-17 09:19:04.94469
3820	198	28	\N	500	2.5	\N	64	\N	2012-03-26 16:31:35	2016-03-17 09:19:04.94469
3825	198	373	\N	1.70000005	3.2	\N	64	\N	2012-03-26 16:31:35	2016-03-17 09:19:04.94469
1527	699	28	\N	101.20755	1.6	\N	67	\N	2012-03-01 13:35:02	2016-03-17 09:19:04.94469
1509	697	28	\N	100.402802	1.7	\N	67	\N	2012-06-18 08:47:25	2016-03-17 09:19:04.94469
1516	697	373	\N	40.8204346	0.8	\N	67	\N	2012-06-18 08:47:25	2016-03-17 09:19:04.94469
129	765	165	\N	0.00960000046	12.4	0.00520000001	63	\N	2012-02-22 10:33:00	2016-03-17 09:19:04.94469
120	764	28	\N	47.4342995	1.5	\N	63	\N	2012-01-23 08:56:08	2016-03-17 09:19:04.94469
127	764	373	\N	0.174444675	9.5	\N	63	\N	2012-01-23 08:56:08	2016-03-17 09:19:04.94469
1824	876	28	\N	47.2689018	4.5	\N	63	\N	2012-01-27 17:04:47	2016-03-17 09:19:04.94469
6461	877	164	\N	0.00999999978	10	0	63	f	2016-03-07 15:46:01	2016-03-17 09:19:04.94469
1831	877	165	\N	0.0189999994	23.4	\N	63	\N	2012-05-23 19:05:54	2016-03-17 09:19:04.94469
1473	693	28	\N	115.055702	1.1	\N	67	\N	2012-03-01 13:35:02	2016-03-17 09:19:04.94469
1480	693	373	\N	0.103807718	26.3	\N	67	\N	2012-03-01 13:35:02	2016-03-17 09:19:04.94469
849	604	28	\N	93.2788315	1.4	\N	67	\N	2012-06-11 11:16:53	2016-03-17 09:19:04.94469
856	604	373	\N	0.592932701	7.9	\N	67	\N	2012-06-11 11:16:53	2016-03-17 09:19:04.94469
1337	677	28	\N	124.807793	1	\N	67	\N	2012-02-01 09:06:15	2016-03-17 09:19:04.94469
1355	679	28	\N	23.55159	4.6	\N	67	\N	2012-02-01 09:06:15	2016-03-17 09:19:04.94469
2224	455	28	\N	62.3479996	4.5	\N	67	\N	2021-02-24 08:09:11.957927	2021-02-24 08:09:11.957927
2316	646	28	\N	30.7450008	4.8	\N	67	\N	2021-02-24 08:09:12.011283	2021-02-24 08:09:12.011283
1992	404	28	\N	72.177002	4.4	\N	67	\N	2012-01-11 14:27:56	2016-03-17 09:19:04.94469
1262	669	28	\N	76.7529602	1.7	\N	67	\N	2012-06-11 11:16:53	2016-03-17 09:19:04.94469
6374	382	28	\N	111.257004	7.7	\N	67	\N	2012-04-26 12:56:57	2016-03-17 09:19:04.94469
6379	382	373	\N	2.29500008	15.4	\N	67	\N	2012-04-26 12:56:57	2016-03-17 09:19:04.94469
1419	687	28	\N	26.8731232	3.5	\N	67	\N	2012-02-06 08:57:51	2016-03-17 09:19:04.94469
1426	687	373	\N	5.90278673	1.6	\N	67	\N	2012-02-06 08:57:51	2016-03-17 09:19:04.94469
1410	686	28	\N	41.1948166	2.2	\N	67	\N	2012-02-01 09:06:15	2016-03-17 09:19:04.94469
3488	906	28	\N	41.3510017	5	\N	67	\N	2012-06-20 08:56:20	2016-03-17 09:19:04.94469
1374	682	28	\N	116.195259	1.1	\N	67	\N	2012-05-15 08:27:55	2016-03-17 09:19:04.94469
1	749	28	\N	97	1.1	\N	69	\N	2012-01-23 08:56:08	2016-03-17 09:19:04.94469
692	856	28	\N	0.128978923	7.5	\N	63	\N	2012-03-22 08:12:08	2016-03-17 09:19:04.94469
2027	409	28	\N	118.767998	4.4	\N	67	\N	2021-02-24 08:09:11.941632	2021-02-24 08:09:11.941632
3495	907	28	\N	27.0020008	7.1	\N	67	\N	2021-02-24 08:09:11.944068	2021-02-24 08:09:11.944068
3347	45	28	\N	73.1989975	4.5	\N	67	\N	2021-02-24 08:09:11.990966	2021-02-24 08:09:11.990966
701	856	658	\N	0.0307449047	4.5	\N	63	\N	2012-03-22 08:12:08	2016-03-17 09:19:04.94469
702	856	670	\N	0.0340126492	14.1	\N	63	\N	2012-03-22 08:12:08	2016-03-17 09:19:04.94469
703	856	672	\N	0.0316770412	1.9	\N	63	\N	2012-03-22 08:12:08	2016-03-17 09:19:04.94469
704	856	673	\N	0.00955014862	8.3	\N	63	\N	2012-03-22 08:12:08	2016-03-17 09:19:04.94469
705	856	684	\N	0.0362088233	12.6	\N	63	\N	2012-03-22 08:12:08	2016-03-17 09:19:04.94469
706	856	686	\N	0.0102149891	9	\N	63	\N	2012-03-22 08:12:08	2016-03-17 09:19:04.94469
708	856	725	\N	0.011143636	9.4	\N	63	\N	2012-03-22 08:12:08	2016-03-17 09:19:04.94469
688	857	746	\N	0.00115999999	4.8	3.69000009e-05	63	\N	2012-05-04 07:21:12	2016-03-17 09:19:04.94469
689	857	747	\N	4.74000008e-05	26.2	2.83999998e-05	63	\N	2012-05-04 07:21:12	2016-03-17 09:19:04.94469
690	857	750	\N	0.00101000001	5.1	3.85999992e-05	63	\N	2012-05-04 07:21:12	2016-03-17 09:19:04.94469
691	858	165	\N	0.00200000009	5.8	0.00046000001	63	\N	2012-05-21 12:02:14	2016-03-17 09:19:04.94469
3333	782	165	\N	0.00800000038	25.1	0.00700000022	63	\N	2012-07-12 13:30:43	2016-03-17 09:19:04.94469
3342	783	746	\N	0.0710000023	16	\N	63	\N	2012-09-12 08:24:09	2016-03-17 09:19:04.94469
3344	783	750	\N	0.0370000005	16	\N	63	\N	2012-09-12 08:24:09	2016-03-17 09:19:04.94469
3312	776	746	\N	0.0120000001	16	\N	63	\N	2012-09-12 08:23:10	2016-03-17 09:19:04.94469
3314	776	750	\N	0.00999999978	17	\N	63	\N	2012-09-12 08:23:10	2016-03-17 09:19:04.94469
3324	779	165	\N	0.00999999978	24	0.00800000038	63	\N	2012-07-12 13:35:14	2016-03-17 09:19:04.94469
2642	546	28	\N	252.158997	4.3	\N	65	\N	2012-04-18 11:47:50	2016-03-17 09:19:04.94469
2647	546	373	\N	59.4729996	6	\N	65	\N	2012-04-18 11:47:50	2016-03-17 09:19:04.94469
2641	547	165	\N	4.76999998	16.1	\N	65	\N	2013-02-12 12:36:06	2016-03-17 09:19:04.94469
2583	536	28	\N	593.539001	4.2	\N	65	\N	2012-04-18 11:47:05	2016-03-17 09:19:04.94469
2588	536	373	\N	12.691	6.1	\N	65	\N	2012-04-18 11:47:05	2016-03-17 09:19:04.94469
2671	552	165	\N	1.38	16.4	\N	65	\N	2012-10-31 12:51:02	2016-03-17 09:19:04.94469
2672	553	28	\N	354.654999	4.2	\N	65	\N	2012-04-18 11:47:21	2016-03-17 09:19:04.94469
2677	553	373	\N	13.941	6.1	\N	65	\N	2012-04-18 11:47:21	2016-03-17 09:19:04.94469
504	841	2	\N	7.41751909	9.5	\N	65	\N	2012-03-20 12:20:47	2016-03-17 09:19:04.94469
505	841	28	\N	229.183197	1.6	\N	65	\N	2012-03-20 12:20:47	2016-03-17 09:19:04.94469
512	841	373	\N	14.0789299	1.2	\N	65	\N	2012-03-20 12:20:47	2016-03-17 09:19:04.94469
514	841	658	\N	30.4505348	1.4	\N	65	\N	2012-03-20 12:20:47	2016-03-17 09:19:04.94469
515	841	670	\N	154.071564	1.7	\N	65	\N	2012-03-20 12:20:47	2016-03-17 09:19:04.94469
516	841	672	\N	33.0379944	0.7	\N	65	\N	2012-03-20 12:20:47	2016-03-17 09:19:04.94469
517	841	673	\N	33.3438644	0.7	\N	65	\N	2012-03-20 12:20:47	2016-03-17 09:19:04.94469
518	841	684	\N	35.9584198	3.7	\N	65	\N	2012-03-20 12:20:47	2016-03-17 09:19:04.94469
519	841	686	\N	31.8192616	0.8	\N	65	\N	2012-03-20 12:20:47	2016-03-17 09:19:04.94469
520	841	717	\N	84.5872726	6.6	\N	65	\N	2012-03-20 12:20:47	2016-03-17 09:19:04.94469
521	841	725	\N	36.3506203	0.9	\N	65	\N	2012-03-20 12:20:47	2016-03-17 09:19:04.94469
2755	574	28	\N	502.60199	4.5	\N	65	\N	2012-03-09 08:51:44	2016-03-17 09:19:04.94469
2758	574	340	\N	11.974	21.8	\N	65	\N	2012-03-09 08:51:44	2016-03-17 09:19:04.94469
2760	574	373	\N	6.58300018	7.9	\N	65	\N	2012-03-09 08:51:44	2016-03-17 09:19:04.94469
2702	558	1	\N	6.04761505	17.6	\N	63	\N	2012-03-15 20:04:12	2016-03-17 09:19:04.94469
2695	559	28	\N	0.762426972	16.1	\N	63	\N	2012-03-02 11:00:40	2016-03-17 09:19:04.94469
608	847	2	\N	10.8878679	6.8	\N	65	\N	2012-03-12 09:19:07	2016-03-17 09:19:04.94469
609	847	28	\N	378.161255	1.1	\N	65	\N	2012-03-12 09:19:07	2016-03-17 09:19:04.94469
614	847	340	\N	0.335008681	22.6	\N	65	\N	2012-03-12 09:19:07	2016-03-17 09:19:04.94469
616	847	373	\N	0.83348757	9.3	\N	65	\N	2012-03-12 09:19:07	2016-03-17 09:19:04.94469
406	835	28	\N	118.186958	1.7	\N	65	\N	2012-03-20 12:20:47	2016-03-17 09:19:04.94469
413	835	373	\N	32.7951164	0.6	\N	65	\N	2012-03-20 12:20:47	2016-03-17 09:19:04.94469
415	835	658	\N	11.0682888	1.8	\N	65	\N	2012-03-20 12:20:47	2016-03-17 09:19:04.94469
416	835	670	\N	93.789917	1.7	\N	65	\N	2012-03-20 12:20:47	2016-03-17 09:19:04.94469
417	835	672	\N	12.002553	1	\N	65	\N	2012-03-20 12:20:47	2016-03-17 09:19:04.94469
418	835	673	\N	13.7101355	1	\N	65	\N	2012-03-20 12:20:47	2016-03-17 09:19:04.94469
419	835	684	\N	14.2685537	4.6	\N	65	\N	2012-03-20 12:20:47	2016-03-17 09:19:04.94469
420	835	686	\N	13.1888885	1.1	\N	65	\N	2012-03-20 12:20:47	2016-03-17 09:19:04.94469
421	835	717	\N	33.7797928	10.1	\N	65	\N	2012-03-20 12:20:47	2016-03-17 09:19:04.94469
422	835	725	\N	11.051178	1.4	\N	65	\N	2012-03-20 12:20:47	2016-03-17 09:19:04.94469
236	792	165	\N	0.00240000011	7.8	0.000730000029	63	\N	2012-05-21 12:12:40	2016-03-17 09:19:04.94469
240	794	28	\N	0.174206644	12.6	\N	63	\N	2012-03-22 08:12:08	2016-03-17 09:19:04.94469
237	795	746	\N	0.00404000003	5	0.000138999996	63	\N	2012-05-07 13:15:57	2016-03-17 09:19:04.94469
238	795	747	\N	0.000127000007	32.1	0.000107	63	\N	2012-05-07 13:15:57	2016-03-17 09:19:04.94469
239	795	750	\N	0.00323999999	5.5	0.000144999998	63	\N	2012-05-07 13:15:57	2016-03-17 09:19:04.94469
797	596	28	\N	0.463155925	2	\N	63	\N	2012-05-30 09:36:31	2016-03-17 09:19:04.94469
806	596	673	\N	0.0112730805	5.2	\N	63	\N	2012-05-30 09:36:31	2016-03-17 09:19:04.94469
807	596	686	\N	0.010525777	7	\N	63	\N	2012-05-30 09:36:31	2016-03-17 09:19:04.94469
809	596	725	\N	0.0178463068	5	\N	63	\N	2012-05-30 09:36:31	2016-03-17 09:19:04.94469
2419	499	28	\N	126.535004	6.1	\N	65	\N	2012-02-02 13:38:43	2016-03-17 09:19:04.94469
2422	499	340	\N	9.02000046	13.4	\N	65	\N	2012-02-02 13:38:43	2016-03-17 09:19:04.94469
2529	517	28	\N	1191.37	4.2	\N	65	\N	2012-03-15 10:33:22	2016-03-17 09:19:04.94469
2532	517	340	\N	13.7200003	6.8	\N	65	\N	2012-03-15 10:33:22	2016-03-17 09:19:04.94469
2534	517	373	\N	28.2719994	6.1	\N	65	\N	2012-03-15 10:33:22	2016-03-17 09:19:04.94469
2515	515	28	\N	232.007996	4.3	\N	65	\N	2012-03-15 10:33:31	2016-03-17 09:19:04.94469
2520	515	373	\N	1.19799995	7.9	\N	65	\N	2012-03-15 10:33:31	2016-03-17 09:19:04.94469
2501	513	28	\N	470.076996	3.9	\N	65	\N	2012-03-15 12:09:13	2016-03-17 09:19:04.94469
2504	513	340	\N	2.08999991	7.4	\N	65	\N	2012-03-15 12:09:13	2016-03-17 09:19:04.94469
2506	513	373	\N	1.29900002	7	\N	65	\N	2012-03-15 12:09:13	2016-03-17 09:19:04.94469
2598	538	28	\N	559.809021	4.2	\N	65	\N	2012-04-20 12:45:31	2016-03-17 09:19:04.94469
2603	538	373	\N	16.6019993	6.1	\N	65	\N	2012-04-20 12:45:31	2016-03-17 09:19:04.94469
2597	539	165	\N	1.03999996	16.5	\N	65	\N	2012-06-28 06:24:03	2016-03-17 09:19:04.94469
2280	639	165	\N	0.0649999976	17.8	\N	67	\N	2013-02-12 12:42:02	2016-03-17 09:19:04.94469
2273	640	28	\N	148.587006	4.3	\N	67	\N	2012-05-04 11:32:54	2016-03-17 09:19:04.94469
2278	640	373	\N	0.184	19.7	\N	67	\N	2012-05-04 11:32:54	2016-03-17 09:19:04.94469
6452	788	720	\N	0	0	0	247	f	2016-03-07 10:55:54.243	2016-03-17 09:19:04.94469
6460	788	185	\N	0	0	0	164	f	2016-03-07 10:58:13	2016-03-17 09:19:04.94469
200	788	2	\N	15.2635765	2.7	\N	67	\N	2012-05-30 09:36:31	2016-03-17 09:19:04.94469
201	788	28	\N	88.9598236	1.3	\N	67	\N	2012-05-30 09:36:31	2016-03-17 09:19:04.94469
208	788	373	\N	0.594288528	5.6	\N	67	\N	2012-05-30 09:36:31	2016-03-17 09:19:04.94469
3453	901	28	\N	54.1870003	4.7	\N	67	\N	2012-06-19 09:31:23	2016-03-17 09:19:04.94469
6388	900	2	\N	21.1653118	4.7	\N	65	\N	2012-01-23 08:56:08	2016-03-17 09:19:04.94469
6389	900	28	\N	327.749023	1.7	\N	65	\N	2012-01-23 08:56:08	2016-03-17 09:19:04.94469
211	789	28	\N	264.39502	0.8	\N	65	\N	2012-02-06 08:57:51	2016-03-17 09:19:04.94469
180	785	2	\N	195.068253	2	\N	65	\N	2012-05-30 09:36:31	2016-03-17 09:19:04.94469
181	785	28	\N	642.813538	0.9	\N	65	\N	2012-05-30 09:36:31	2016-03-17 09:19:04.94469
188	785	373	\N	0.486364335	18.2	\N	65	\N	2012-05-30 09:36:31	2016-03-17 09:19:04.94469
2559	533	2	\N	13.1285	8.5	\N	65	\N	2012-05-24 12:45:00	2016-03-17 09:19:04.94469
2560	533	28	\N	793.111023	2.1	\N	65	\N	2012-05-24 12:45:00	2016-03-17 09:19:04.94469
2565	533	373	\N	10.5309	1.8	\N	65	\N	2012-05-24 12:45:00	2016-03-17 09:19:04.94469
2544	530	28	\N	9.18099976	5.3	\N	63	\N	2012-06-04 14:03:58	2016-03-17 09:19:04.94469
2203	452	28	\N	35.2960014	4.7	\N	67	\N	2012-01-18 12:44:22	2016-03-17 09:19:04.94469
2196	451	28	\N	97.5049973	4.6	\N	67	\N	2012-01-20 10:42:22	2016-03-17 09:19:04.94469
2041	411	28	\N	116.545998	2.7	\N	67	\N	2012-02-29 14:37:51	2016-03-17 09:19:04.94469
3799	195	28	\N	1030	2.9	\N	65	\N	2012-07-12 11:40:58	2016-03-17 09:19:04.94469
6077	179	68	<	\N	\N	0.127000004	67	\N	2021-02-24 08:03:59.42289	2021-02-24 08:03:59.42289
6078	179	220	<	\N	\N	0.0975999981	67	\N	2021-02-24 08:03:59.42289	2021-02-24 08:03:59.42289
6079	179	340	<	\N	\N	0.122000001	67	\N	2021-02-24 08:03:59.42289	2021-02-24 08:03:59.42289
6080	179	369	<	\N	\N	0.101999998	67	\N	2021-02-24 08:03:59.42289	2021-02-24 08:03:59.42289
6081	179	373	<	\N	\N	0.0992999971	67	\N	2021-02-24 08:03:59.42289	2021-02-24 08:03:59.42289
6082	179	404	<	\N	\N	0.510999978	67	\N	2021-02-24 08:03:59.42289	2021-02-24 08:03:59.42289
3821	198	68	<	\N	\N	0.148000002	64	\N	2021-02-24 08:03:59.42289	2021-02-24 08:03:59.42289
3822	198	220	<	\N	\N	0.112999998	64	\N	2021-02-24 08:03:59.42289	2021-02-24 08:03:59.42289
3823	198	340	<	\N	\N	0.174999997	64	\N	2021-02-24 08:03:59.42289	2021-02-24 08:03:59.42289
3824	198	369	<	\N	\N	0.153999999	64	\N	2021-02-24 08:03:59.42289	2021-02-24 08:03:59.42289
3826	198	404	<	\N	\N	0.69599998	64	\N	2021-02-24 08:03:59.42289	2021-02-24 08:03:59.42289
1528	699	68	<	\N	\N	0.16883032	67	\N	2021-02-24 08:03:59.42289	2021-02-24 08:03:59.42289
1529	699	220	<	\N	\N	0.142792404	67	\N	2021-02-24 08:03:59.42289	2021-02-24 08:03:59.42289
1530	699	222	<	\N	\N	1.37202632	67	\N	2021-02-24 08:03:59.42289	2021-02-24 08:03:59.42289
1531	699	325	<	\N	\N	0.155931935	67	\N	2021-02-24 08:03:59.42289	2021-02-24 08:03:59.42289
1532	699	340	<	\N	\N	0.152073264	67	\N	2021-02-24 08:03:59.42289	2021-02-24 08:03:59.42289
1533	699	369	<	\N	\N	0.148148373	67	\N	2021-02-24 08:03:59.42289	2021-02-24 08:03:59.42289
1534	699	373	<	\N	\N	0.13217625	67	\N	2021-02-24 08:03:59.42289	2021-02-24 08:03:59.42289
1535	699	404	<	\N	\N	0.801997662	67	\N	2021-02-24 08:03:59.42289	2021-02-24 08:03:59.42289
1510	697	68	<	\N	\N	0.200000003	67	\N	2021-02-24 08:03:59.42289	2021-02-24 08:03:59.42289
1511	697	220	<	\N	\N	0.281809092	67	\N	2021-02-24 08:03:59.42289	2021-02-24 08:03:59.42289
1512	697	222	<	\N	\N	1.97511685	67	\N	2021-02-24 08:03:59.42289	2021-02-24 08:03:59.42289
1513	697	325	<	\N	\N	1.44841325	67	\N	2021-02-24 08:03:59.42289	2021-02-24 08:03:59.42289
2317	646	68	<	\N	\N	0.0790000036	67	\N	2021-02-24 08:09:12.011283	2021-02-24 08:09:12.011283
2318	646	220	<	\N	\N	0.0719999969	67	\N	2021-02-24 08:09:12.011283	2021-02-24 08:09:12.011283
2319	646	340	<	\N	\N	0.119000003	67	\N	2021-02-24 08:09:12.011283	2021-02-24 08:09:12.011283
2320	646	369	<	\N	\N	0.0659999996	67	\N	2021-02-24 08:09:12.011283	2021-02-24 08:09:12.011283
2321	646	373	<	\N	\N	0.0810000002	67	\N	2021-02-24 08:09:12.011283	2021-02-24 08:09:12.011283
2322	646	404	<	\N	\N	0.476000011	67	\N	2021-02-24 08:09:12.011283	2021-02-24 08:09:12.011283
1514	697	340	<	\N	\N	0.525570631	67	\N	2021-02-24 08:03:59.42289	2021-02-24 08:03:59.42289
1515	697	369	<	\N	\N	0.200000003	67	\N	2021-02-24 08:03:59.42289	2021-02-24 08:03:59.42289
1517	697	404	<	\N	\N	1.15046942	67	\N	2021-02-24 08:03:59.42289	2021-02-24 08:03:59.42289
121	764	68	<	\N	\N	0.055788707	63	\N	2021-02-24 08:03:59.42289	2021-02-24 08:03:59.42289
122	764	220	<	\N	\N	0.0449622944	63	\N	2021-02-24 08:03:59.42289	2021-02-24 08:03:59.42289
123	764	222	<	\N	\N	0.425907433	63	\N	2021-02-24 08:03:59.42289	2021-02-24 08:03:59.42289
124	764	325	<	\N	\N	0.117578633	63	\N	2021-02-24 08:03:59.42289	2021-02-24 08:03:59.42289
125	764	340	<	\N	\N	0.065038316	63	\N	2021-02-24 08:03:59.42289	2021-02-24 08:03:59.42289
126	764	369	<	\N	\N	0.043577373	63	\N	2021-02-24 08:03:59.42289	2021-02-24 08:03:59.42289
128	764	404	<	\N	\N	0.152959079	63	\N	2021-02-24 08:03:59.42289	2021-02-24 08:03:59.42289
1825	876	68	<	\N	\N	0.0670299977	63	\N	2021-02-24 08:03:59.42289	2021-02-24 08:03:59.42289
1826	876	220	<	\N	\N	0.0517399982	63	\N	2021-02-24 08:03:59.42289	2021-02-24 08:03:59.42289
1827	876	340	<	\N	\N	0.0600100011	63	\N	2021-02-24 08:03:59.42289	2021-02-24 08:03:59.42289
1828	876	369	<	\N	\N	0.0515800007	63	\N	2021-02-24 08:03:59.42289	2021-02-24 08:03:59.42289
1829	876	373	<	\N	\N	0.0615600012	63	\N	2021-02-24 08:03:59.42289	2021-02-24 08:03:59.42289
1830	876	404	<	\N	\N	0.430500001	63	\N	2021-02-24 08:03:59.42289	2021-02-24 08:03:59.42289
1474	693	68	<	\N	\N	0.119670942	67	\N	2021-02-24 08:03:59.42289	2021-02-24 08:03:59.42289
1475	693	220	<	\N	\N	0.0891667977	67	\N	2021-02-24 08:03:59.42289	2021-02-24 08:03:59.42289
1476	693	222	<	\N	\N	0.860624194	67	\N	2021-02-24 08:03:59.42289	2021-02-24 08:03:59.42289
1477	693	325	<	\N	\N	0.0925810114	67	\N	2021-02-24 08:03:59.42289	2021-02-24 08:03:59.42289
1478	693	340	<	\N	\N	0.0928947553	67	\N	2021-02-24 08:03:59.42289	2021-02-24 08:03:59.42289
1479	693	369	<	\N	\N	0.0887934268	67	\N	2021-02-24 08:03:59.42289	2021-02-24 08:03:59.42289
1481	693	404	<	\N	\N	0.464386255	67	\N	2021-02-24 08:03:59.42289	2021-02-24 08:03:59.42289
850	604	68	<	\N	\N	0.142586127	67	\N	2021-02-24 08:03:59.42289	2021-02-24 08:03:59.42289
851	604	220	<	\N	\N	0.147827238	67	\N	2021-02-24 08:03:59.42289	2021-02-24 08:03:59.42289
852	604	222	<	\N	\N	1.32585192	67	\N	2021-02-24 08:03:59.42289	2021-02-24 08:03:59.42289
853	604	325	<	\N	\N	0.302643239	67	\N	2021-02-24 08:03:59.42289	2021-02-24 08:03:59.42289
854	604	340	<	\N	\N	0.190747038	67	\N	2021-02-24 08:03:59.42289	2021-02-24 08:03:59.42289
855	604	369	<	\N	\N	0.143185914	67	\N	2021-02-24 08:03:59.42289	2021-02-24 08:03:59.42289
857	604	404	<	\N	\N	0.9532758	67	\N	2021-02-24 08:03:59.42289	2021-02-24 08:03:59.42289
1338	677	68	<	\N	\N	0.111939617	67	\N	2021-02-24 08:03:59.42289	2021-02-24 08:03:59.42289
1339	677	220	<	\N	\N	0.0848656371	67	\N	2021-02-24 08:03:59.42289	2021-02-24 08:03:59.42289
1340	677	222	<	\N	\N	0.862398803	67	\N	2021-02-24 08:03:59.42289	2021-02-24 08:03:59.42289
1341	677	325	<	\N	\N	0.0836788341	67	\N	2021-02-24 08:03:59.42289	2021-02-24 08:03:59.42289
1342	677	340	<	\N	\N	0.0859226957	67	\N	2021-02-24 08:03:59.42289	2021-02-24 08:03:59.42289
1343	677	369	<	\N	\N	0.0963074416	67	\N	2021-02-24 08:03:59.42289	2021-02-24 08:03:59.42289
1344	677	373	<	\N	\N	0.10387747	67	\N	2021-02-24 08:03:59.42289	2021-02-24 08:03:59.42289
1345	677	404	<	\N	\N	0.341507882	67	\N	2021-02-24 08:03:59.42289	2021-02-24 08:03:59.42289
1356	679	68	<	\N	\N	0.161153004	67	\N	2021-02-24 08:03:59.42289	2021-02-24 08:03:59.42289
1357	679	220	<	\N	\N	0.141316801	67	\N	2021-02-24 08:03:59.42289	2021-02-24 08:03:59.42289
1358	679	222	<	\N	\N	1.34632719	67	\N	2021-02-24 08:03:59.42289	2021-02-24 08:03:59.42289
1359	679	325	<	\N	\N	0.161958024	67	\N	2021-02-24 08:03:59.42289	2021-02-24 08:03:59.42289
1360	679	340	<	\N	\N	0.150202721	67	\N	2021-02-24 08:03:59.42289	2021-02-24 08:03:59.42289
1361	679	369	<	\N	\N	0.145732105	67	\N	2021-02-24 08:03:59.42289	2021-02-24 08:03:59.42289
1362	679	373	<	\N	\N	0.141465157	67	\N	2021-02-24 08:03:59.42289	2021-02-24 08:03:59.42289
1363	679	404	<	\N	\N	0.828320026	67	\N	2021-02-24 08:03:59.42289	2021-02-24 08:03:59.42289
1993	404	68	<	\N	\N	0.0890000015	67	\N	2021-02-24 08:03:59.42289	2021-02-24 08:03:59.42289
1994	404	220	<	\N	\N	0.0680000037	67	\N	2021-02-24 08:03:59.42289	2021-02-24 08:03:59.42289
1995	404	340	<	\N	\N	0.0850000009	67	\N	2021-02-24 08:03:59.42289	2021-02-24 08:03:59.42289
1996	404	369	<	\N	\N	0.0680000037	67	\N	2021-02-24 08:03:59.42289	2021-02-24 08:03:59.42289
1997	404	373	<	\N	\N	0.0810000002	67	\N	2021-02-24 08:03:59.42289	2021-02-24 08:03:59.42289
1998	404	404	<	\N	\N	0.483999997	67	\N	2021-02-24 08:03:59.42289	2021-02-24 08:03:59.42289
1263	669	68	<	\N	\N	0.169841558	67	\N	2021-02-24 08:03:59.42289	2021-02-24 08:03:59.42289
1264	669	220	<	\N	\N	0.135238096	67	\N	2021-02-24 08:03:59.42289	2021-02-24 08:03:59.42289
1265	669	222	<	\N	\N	1.3682282	67	\N	2021-02-24 08:03:59.42289	2021-02-24 08:03:59.42289
1266	669	325	<	\N	\N	0.120374463	67	\N	2021-02-24 08:03:59.42289	2021-02-24 08:03:59.42289
1267	669	340	<	\N	\N	0.12688227	67	\N	2021-02-24 08:03:59.42289	2021-02-24 08:03:59.42289
1268	669	369	<	\N	\N	0.143208504	67	\N	2021-02-24 08:03:59.42289	2021-02-24 08:03:59.42289
1269	669	373	<	\N	\N	0.15574947	67	\N	2021-02-24 08:03:59.42289	2021-02-24 08:03:59.42289
1270	669	404	<	\N	\N	0.566533923	67	\N	2021-02-24 08:03:59.42289	2021-02-24 08:03:59.42289
6375	382	68	<	\N	\N	0.368000001	67	\N	2021-02-24 08:03:59.42289	2021-02-24 08:03:59.42289
6376	382	220	<	\N	\N	0.529999971	67	\N	2021-02-24 08:03:59.42289	2021-02-24 08:03:59.42289
6377	382	340	<	\N	\N	0.593999982	67	\N	2021-02-24 08:03:59.42289	2021-02-24 08:03:59.42289
6378	382	369	<	\N	\N	0.501999974	67	\N	2021-02-24 08:03:59.42289	2021-02-24 08:03:59.42289
6380	382	404	<	\N	\N	3.46700001	67	\N	2021-02-24 08:03:59.42289	2021-02-24 08:03:59.42289
1420	687	68	<	\N	\N	0.139102891	67	\N	2021-02-24 08:03:59.42289	2021-02-24 08:03:59.42289
1421	687	220	<	\N	\N	0.142707929	67	\N	2021-02-24 08:03:59.42289	2021-02-24 08:03:59.42289
1422	687	222	<	\N	\N	1.22595179	67	\N	2021-02-24 08:03:59.42289	2021-02-24 08:03:59.42289
1423	687	325	<	\N	\N	0.48255229	67	\N	2021-02-24 08:03:59.42289	2021-02-24 08:03:59.42289
1424	687	340	<	\N	\N	0.229643136	67	\N	2021-02-24 08:03:59.42289	2021-02-24 08:03:59.42289
1425	687	369	<	\N	\N	0.128076345	67	\N	2021-02-24 08:03:59.42289	2021-02-24 08:03:59.42289
1427	687	404	<	\N	\N	0.471235216	67	\N	2021-02-24 08:03:59.42289	2021-02-24 08:03:59.42289
1411	686	68	<	\N	\N	0.120307639	67	\N	2021-02-24 08:03:59.42289	2021-02-24 08:03:59.42289
1412	686	220	<	\N	\N	0.121018372	67	\N	2021-02-24 08:03:59.42289	2021-02-24 08:03:59.42289
1413	686	222	<	\N	\N	1.1164465	67	\N	2021-02-24 08:03:59.42289	2021-02-24 08:03:59.42289
1414	686	325	<	\N	\N	0.18768625	67	\N	2021-02-24 08:03:59.42289	2021-02-24 08:03:59.42289
1415	686	340	<	\N	\N	0.148165181	67	\N	2021-02-24 08:03:59.42289	2021-02-24 08:03:59.42289
1416	686	369	<	\N	\N	0.115840979	67	\N	2021-02-24 08:03:59.42289	2021-02-24 08:03:59.42289
1417	686	373	<	\N	\N	0.125201866	67	\N	2021-02-24 08:03:59.42289	2021-02-24 08:03:59.42289
1418	686	404	<	\N	\N	0.75336194	67	\N	2021-02-24 08:03:59.42289	2021-02-24 08:03:59.42289
3489	906	68	<	\N	\N	0.118000001	67	\N	2021-02-24 08:03:59.42289	2021-02-24 08:03:59.42289
3490	906	220	<	\N	\N	0.105999999	67	\N	2021-02-24 08:03:59.42289	2021-02-24 08:03:59.42289
3491	906	340	<	\N	\N	0.136999995	67	\N	2021-02-24 08:03:59.42289	2021-02-24 08:03:59.42289
3492	906	369	<	\N	\N	0.104000002	67	\N	2021-02-24 08:03:59.42289	2021-02-24 08:03:59.42289
3493	906	373	<	\N	\N	0.127000004	67	\N	2021-02-24 08:03:59.42289	2021-02-24 08:03:59.42289
3494	906	404	<	\N	\N	0.666000009	67	\N	2021-02-24 08:03:59.42289	2021-02-24 08:03:59.42289
1375	682	68	<	\N	\N	0.118619174	67	\N	2021-02-24 08:03:59.42289	2021-02-24 08:03:59.42289
1376	682	220	<	\N	\N	0.106746331	67	\N	2021-02-24 08:03:59.42289	2021-02-24 08:03:59.42289
1377	682	222	<	\N	\N	1.00748837	67	\N	2021-02-24 08:03:59.42289	2021-02-24 08:03:59.42289
1378	682	325	<	\N	\N	0.110738158	67	\N	2021-02-24 08:03:59.42289	2021-02-24 08:03:59.42289
1379	682	340	<	\N	\N	0.10933657	67	\N	2021-02-24 08:03:59.42289	2021-02-24 08:03:59.42289
1380	682	369	<	\N	\N	0.11291042	67	\N	2021-02-24 08:03:59.42289	2021-02-24 08:03:59.42289
1381	682	373	<	\N	\N	0.120659195	67	\N	2021-02-24 08:03:59.42289	2021-02-24 08:03:59.42289
1382	682	404	<	\N	\N	0.741539538	67	\N	2021-02-24 08:03:59.42289	2021-02-24 08:03:59.42289
2	749	68	<	\N	\N	0.0716999993	69	\N	2021-02-24 08:03:59.42289	2021-02-24 08:03:59.42289
3	749	220	<	\N	\N	0.0644000024	69	\N	2021-02-24 08:03:59.42289	2021-02-24 08:03:59.42289
4	749	222	<	\N	\N	0.558000028	69	\N	2021-02-24 08:03:59.42289	2021-02-24 08:03:59.42289
5	749	325	<	\N	\N	0.279000014	69	\N	2021-02-24 08:03:59.42289	2021-02-24 08:03:59.42289
6	749	340	<	\N	\N	0.111000001	69	\N	2021-02-24 08:03:59.42289	2021-02-24 08:03:59.42289
7	749	369	<	\N	\N	0.0584000014	69	\N	2021-02-24 08:03:59.42289	2021-02-24 08:03:59.42289
8	749	373	<	\N	\N	0.0666000023	69	\N	2021-02-24 08:03:59.42289	2021-02-24 08:03:59.42289
9	749	404	<	\N	\N	0.222000003	69	\N	2021-02-24 08:03:59.42289	2021-02-24 08:03:59.42289
687	855	1	<	\N	\N	3	63	\N	2021-02-24 08:03:59.42289	2021-02-24 08:03:59.42289
693	856	68	<	\N	\N	0.00137814821	63	\N	2021-02-24 08:03:59.42289	2021-02-24 08:03:59.42289
694	856	220	<	\N	\N	0.00145654008	63	\N	2021-02-24 08:03:59.42289	2021-02-24 08:03:59.42289
695	856	222	<	\N	\N	0.0119643118	63	\N	2021-02-24 08:03:59.42289	2021-02-24 08:03:59.42289
696	856	325	<	\N	\N	0.0242622104	63	\N	2021-02-24 08:03:59.42289	2021-02-24 08:03:59.42289
697	856	340	<	\N	\N	0.00414422341	63	\N	2021-02-24 08:03:59.42289	2021-02-24 08:03:59.42289
698	856	369	<	\N	\N	0.00138184184	63	\N	2021-02-24 08:03:59.42289	2021-02-24 08:03:59.42289
699	856	373	<	\N	\N	0.00138636387	63	\N	2021-02-24 08:03:59.42289	2021-02-24 08:03:59.42289
700	856	404	<	\N	\N	0.00521474099	63	\N	2021-02-24 08:03:59.42289	2021-02-24 08:03:59.42289
707	856	717	<	\N	\N	0.0337323584	63	\N	2021-02-24 08:03:59.42289	2021-02-24 08:03:59.42289
709	859	768	<	\N	\N	2.83000008e-05	63	\N	2021-02-24 08:03:59.42289	2021-02-24 08:03:59.42289
710	859	850	<	\N	\N	3.22000014e-05	63	\N	2021-02-24 08:03:59.42289	2021-02-24 08:03:59.42289
3335	781	28	<	\N	\N	0.175999999	63	\N	2021-02-24 08:03:59.42289	2021-02-24 08:03:59.42289
3336	781	68	<	\N	\N	0.00700000022	63	\N	2021-02-24 08:03:59.42289	2021-02-24 08:03:59.42289
3337	781	220	<	\N	\N	0.0109999999	63	\N	2021-02-24 08:03:59.42289	2021-02-24 08:03:59.42289
3338	781	340	<	\N	\N	0.0390000008	63	\N	2021-02-24 08:03:59.42289	2021-02-24 08:03:59.42289
3339	781	369	<	\N	\N	0.00700000022	63	\N	2021-02-24 08:03:59.42289	2021-02-24 08:03:59.42289
3340	781	373	<	\N	\N	0.00800000038	63	\N	2021-02-24 08:03:59.42289	2021-02-24 08:03:59.42289
3341	781	404	<	\N	\N	0.0460000001	63	\N	2021-02-24 08:03:59.42289	2021-02-24 08:03:59.42289
3343	783	747	<	\N	\N	0.00499999989	63	\N	2021-02-24 08:03:59.42289	2021-02-24 08:03:59.42289
3345	783	768	<	\N	\N	0.00499999989	63	\N	2021-02-24 08:03:59.42289	2021-02-24 08:03:59.42289
3346	783	850	<	\N	\N	0.00499999989	63	\N	2021-02-24 08:03:59.42289	2021-02-24 08:03:59.42289
3334	784	1	<	\N	\N	6.98000002	63	\N	2021-02-24 08:03:59.42289	2021-02-24 08:03:59.42289
3313	776	747	<	\N	\N	0.00499999989	63	\N	2021-02-24 08:03:59.42289	2021-02-24 08:03:59.42289
3315	776	768	<	\N	\N	0.00499999989	63	\N	2021-02-24 08:03:59.42289	2021-02-24 08:03:59.42289
3316	776	850	<	\N	\N	0.00499999989	63	\N	2021-02-24 08:03:59.42289	2021-02-24 08:03:59.42289
3317	777	28	<	\N	\N	0.241999999	63	\N	2021-02-24 08:03:59.42289	2021-02-24 08:03:59.42289
3318	777	68	<	\N	\N	0.00899999961	63	\N	2021-02-24 08:03:59.42289	2021-02-24 08:03:59.42289
3319	777	220	<	\N	\N	0.0170000009	63	\N	2021-02-24 08:03:59.42289	2021-02-24 08:03:59.42289
3320	777	340	<	\N	\N	0.195999995	63	\N	2021-02-24 08:03:59.42289	2021-02-24 08:03:59.42289
3321	777	369	<	\N	\N	0.00899999961	63	\N	2021-02-24 08:03:59.42289	2021-02-24 08:03:59.42289
3322	777	373	<	\N	\N	0.0109999999	63	\N	2021-02-24 08:03:59.42289	2021-02-24 08:03:59.42289
3323	777	404	<	\N	\N	0.0839999989	63	\N	2021-02-24 08:03:59.42289	2021-02-24 08:03:59.42289
3325	778	1	<	\N	\N	7	63	\N	2021-02-24 08:03:59.42289	2021-02-24 08:03:59.42289
2238	457	28	<	\N	\N	0.204999998	63	\N	2021-02-24 08:03:59.42289	2021-02-24 08:03:59.42289
2239	457	68	<	\N	\N	0.00700000022	63	\N	2021-02-24 08:03:59.42289	2021-02-24 08:03:59.42289
2240	457	220	<	\N	\N	0.00999999978	63	\N	2021-02-24 08:03:59.42289	2021-02-24 08:03:59.42289
2241	457	340	<	\N	\N	0.0560000017	63	\N	2021-02-24 08:03:59.42289	2021-02-24 08:03:59.42289
2242	457	369	<	\N	\N	0.00700000022	63	\N	2021-02-24 08:03:59.42289	2021-02-24 08:03:59.42289
2243	457	373	<	\N	\N	0.00700000022	63	\N	2021-02-24 08:03:59.42289	2021-02-24 08:03:59.42289
2244	457	404	<	\N	\N	0.0549999997	63	\N	2021-02-24 08:03:59.42289	2021-02-24 08:03:59.42289
2643	546	68	<	\N	\N	0.226999998	65	\N	2021-02-24 08:03:59.42289	2021-02-24 08:03:59.42289
2644	546	220	<	\N	\N	0.335999995	65	\N	2021-02-24 08:03:59.42289	2021-02-24 08:03:59.42289
2645	546	340	<	\N	\N	1.01400006	65	\N	2021-02-24 08:03:59.42289	2021-02-24 08:03:59.42289
2646	546	369	<	\N	\N	0.215000004	65	\N	2021-02-24 08:03:59.42289	2021-02-24 08:03:59.42289
2648	546	404	<	\N	\N	1.42999995	65	\N	2021-02-24 08:03:59.42289	2021-02-24 08:03:59.42289
2584	536	68	<	\N	\N	0.180000007	65	\N	2021-02-24 08:03:59.42289	2021-02-24 08:03:59.42289
2585	536	220	<	\N	\N	0.195999995	65	\N	2021-02-24 08:03:59.42289	2021-02-24 08:03:59.42289
2586	536	340	<	\N	\N	0.284000009	65	\N	2021-02-24 08:03:59.42289	2021-02-24 08:03:59.42289
2587	536	369	<	\N	\N	0.172999993	65	\N	2021-02-24 08:03:59.42289	2021-02-24 08:03:59.42289
2589	536	404	<	\N	\N	1.847	65	\N	2021-02-24 08:03:59.42289	2021-02-24 08:03:59.42289
2673	553	68	<	\N	\N	0.174999997	65	\N	2021-02-24 08:03:59.42289	2021-02-24 08:03:59.42289
2674	553	220	<	\N	\N	0.185000002	65	\N	2021-02-24 08:03:59.42289	2021-02-24 08:03:59.42289
2675	553	340	<	\N	\N	0.273999989	65	\N	2021-02-24 08:03:59.42289	2021-02-24 08:03:59.42289
2676	553	369	<	\N	\N	0.166999996	65	\N	2021-02-24 08:03:59.42289	2021-02-24 08:03:59.42289
2678	553	404	<	\N	\N	1.47599995	65	\N	2021-02-24 08:03:59.42289	2021-02-24 08:03:59.42289
506	841	68	<	\N	\N	0.280420214	65	\N	2021-02-24 08:03:59.42289	2021-02-24 08:03:59.42289
507	841	220	<	\N	\N	0.276409924	65	\N	2021-02-24 08:03:59.42289	2021-02-24 08:03:59.42289
508	841	222	<	\N	\N	2.49894071	65	\N	2021-02-24 08:03:59.42289	2021-02-24 08:03:59.42289
509	841	325	<	\N	\N	0.706013322	65	\N	2021-02-24 08:03:59.42289	2021-02-24 08:03:59.42289
510	841	340	<	\N	\N	0.397895038	65	\N	2021-02-24 08:03:59.42289	2021-02-24 08:03:59.42289
511	841	369	<	\N	\N	0.342206806	65	\N	2021-02-24 08:03:59.42289	2021-02-24 08:03:59.42289
513	841	404	<	\N	\N	1.67993307	65	\N	2021-02-24 08:03:59.42289	2021-02-24 08:03:59.42289
2756	574	68	<	\N	\N	0.930000007	65	\N	2021-02-24 08:03:59.42289	2021-02-24 08:03:59.42289
2757	574	220	<	\N	\N	1.15999997	65	\N	2021-02-24 08:03:59.42289	2021-02-24 08:03:59.42289
2759	574	369	<	\N	\N	0.708999991	65	\N	2021-02-24 08:03:59.42289	2021-02-24 08:03:59.42289
2761	574	404	<	\N	\N	3.52200007	65	\N	2021-02-24 08:03:59.42289	2021-02-24 08:03:59.42289
2696	559	68	<	\N	\N	0.0162599999	63	\N	2021-02-24 08:03:59.42289	2021-02-24 08:03:59.42289
2697	559	220	<	\N	\N	0.0154999997	63	\N	2021-02-24 08:03:59.42289	2021-02-24 08:03:59.42289
2698	559	340	<	\N	\N	0.0520600006	63	\N	2021-02-24 08:03:59.42289	2021-02-24 08:03:59.42289
2699	559	369	<	\N	\N	0.0126599995	63	\N	2021-02-24 08:03:59.42289	2021-02-24 08:03:59.42289
2700	559	373	<	\N	\N	0.0157500003	63	\N	2021-02-24 08:03:59.42289	2021-02-24 08:03:59.42289
2701	559	404	<	\N	\N	0.0680000037	63	\N	2021-02-24 08:03:59.42289	2021-02-24 08:03:59.42289
610	847	68	<	\N	\N	0.321417511	65	\N	2021-02-24 08:03:59.42289	2021-02-24 08:03:59.42289
611	847	220	<	\N	\N	0.253271103	65	\N	2021-02-24 08:03:59.42289	2021-02-24 08:03:59.42289
612	847	222	<	\N	\N	2.46086812	65	\N	2021-02-24 08:03:59.42289	2021-02-24 08:03:59.42289
613	847	325	<	\N	\N	0.390654087	65	\N	2021-02-24 08:03:59.42289	2021-02-24 08:03:59.42289
615	847	369	<	\N	\N	0.278405666	65	\N	2021-02-24 08:03:59.42289	2021-02-24 08:03:59.42289
617	847	404	<	\N	\N	0.915440023	65	\N	2021-02-24 08:03:59.42289	2021-02-24 08:03:59.42289
407	835	68	<	\N	\N	0.167968228	65	\N	2021-02-24 08:03:59.42289	2021-02-24 08:03:59.42289
408	835	220	<	\N	\N	0.188048974	65	\N	2021-02-24 08:03:59.42289	2021-02-24 08:03:59.42289
409	835	222	<	\N	\N	1.59371448	65	\N	2021-02-24 08:03:59.42289	2021-02-24 08:03:59.42289
410	835	325	<	\N	\N	0.770765543	65	\N	2021-02-24 08:03:59.42289	2021-02-24 08:03:59.42289
411	835	340	<	\N	\N	0.325144261	65	\N	2021-02-24 08:03:59.42289	2021-02-24 08:03:59.42289
412	835	369	<	\N	\N	0.196677372	65	\N	2021-02-24 08:03:59.42289	2021-02-24 08:03:59.42289
414	835	404	<	\N	\N	0.87897718	65	\N	2021-02-24 08:03:59.42289	2021-02-24 08:03:59.42289
249	793	1	<	\N	\N	3	63	\N	2021-02-24 08:03:59.42289	2021-02-24 08:03:59.42289
241	794	68	<	\N	\N	0.00372764957	63	\N	2021-02-24 08:03:59.42289	2021-02-24 08:03:59.42289
242	794	220	<	\N	\N	0.00606708881	63	\N	2021-02-24 08:03:59.42289	2021-02-24 08:03:59.42289
243	794	222	<	\N	\N	0.0357809216	63	\N	2021-02-24 08:03:59.42289	2021-02-24 08:03:59.42289
244	794	325	<	\N	\N	0.174499005	63	\N	2021-02-24 08:03:59.42289	2021-02-24 08:03:59.42289
245	794	340	<	\N	\N	0.0314799249	63	\N	2021-02-24 08:03:59.42289	2021-02-24 08:03:59.42289
246	794	369	<	\N	\N	0.00366118201	63	\N	2021-02-24 08:03:59.42289	2021-02-24 08:03:59.42289
247	794	373	<	\N	\N	0.00404624688	63	\N	2021-02-24 08:03:59.42289	2021-02-24 08:03:59.42289
248	794	404	<	\N	\N	0.0183811449	63	\N	2021-02-24 08:03:59.42289	2021-02-24 08:03:59.42289
250	796	768	<	\N	\N	0.000103999999	63	\N	2021-02-24 08:03:59.42289	2021-02-24 08:03:59.42289
251	796	850	<	\N	\N	0.000117000003	63	\N	2021-02-24 08:03:59.42289	2021-02-24 08:03:59.42289
796	593	1	<	\N	\N	2.29999995	63	\N	2021-02-24 08:03:59.42289	2021-02-24 08:03:59.42289
810	594	746	<	\N	\N	0.000287000003	63	\N	2021-02-24 08:03:59.42289	2021-02-24 08:03:59.42289
811	594	747	<	\N	\N	0.000222999995	63	\N	2021-02-24 08:03:59.42289	2021-02-24 08:03:59.42289
812	594	750	<	\N	\N	0.000299000007	63	\N	2021-02-24 08:03:59.42289	2021-02-24 08:03:59.42289
813	595	165	<	\N	\N	0.000289999996	63	\N	2021-02-24 08:03:59.42289	2021-02-24 08:03:59.42289
798	596	68	<	\N	\N	0.00104627968	63	\N	2021-02-24 08:03:59.42289	2021-02-24 08:03:59.42289
799	596	220	<	\N	\N	0.00122176902	63	\N	2021-02-24 08:03:59.42289	2021-02-24 08:03:59.42289
800	596	222	<	\N	\N	0.00855376758	63	\N	2021-02-24 08:03:59.42289	2021-02-24 08:03:59.42289
801	596	325	<	\N	\N	0.0586886294	63	\N	2021-02-24 08:03:59.42289	2021-02-24 08:03:59.42289
802	596	340	<	\N	\N	0.00483464543	63	\N	2021-02-24 08:03:59.42289	2021-02-24 08:03:59.42289
803	596	369	<	\N	\N	0.000995716779	63	\N	2021-02-24 08:03:59.42289	2021-02-24 08:03:59.42289
804	596	373	<	\N	\N	0.00100263243	63	\N	2021-02-24 08:03:59.42289	2021-02-24 08:03:59.42289
805	596	404	<	\N	\N	0.0033729081	63	\N	2021-02-24 08:03:59.42289	2021-02-24 08:03:59.42289
808	596	717	<	\N	\N	0.0190863144	63	\N	2021-02-24 08:03:59.42289	2021-02-24 08:03:59.42289
814	597	768	<	\N	\N	1.6e-05	63	\N	2021-02-24 08:03:59.42289	2021-02-24 08:03:59.42289
815	597	850	<	\N	\N	1.82000003e-05	63	\N	2021-02-24 08:03:59.42289	2021-02-24 08:03:59.42289
2337	649	28	<	\N	\N	0.660000026	63	\N	2021-02-24 08:03:59.42289	2021-02-24 08:03:59.42289
2338	649	68	<	\N	\N	0.0260000005	63	\N	2021-02-24 08:03:59.42289	2021-02-24 08:03:59.42289
2339	649	220	<	\N	\N	0.0289999992	63	\N	2021-02-24 08:03:59.42289	2021-02-24 08:03:59.42289
2340	649	340	<	\N	\N	0.0610000007	63	\N	2021-02-24 08:03:59.42289	2021-02-24 08:03:59.42289
2341	649	369	<	\N	\N	0.0240000002	63	\N	2021-02-24 08:03:59.42289	2021-02-24 08:03:59.42289
2342	649	373	<	\N	\N	0.0309999995	63	\N	2021-02-24 08:03:59.42289	2021-02-24 08:03:59.42289
2343	649	404	<	\N	\N	0.196999997	63	\N	2021-02-24 08:03:59.42289	2021-02-24 08:03:59.42289
2420	499	68	<	\N	\N	1.079	65	\N	2021-02-24 08:03:59.42289	2021-02-24 08:03:59.42289
2421	499	220	<	\N	\N	1.37199998	65	\N	2021-02-24 08:03:59.42289	2021-02-24 08:03:59.42289
2423	499	369	<	\N	\N	1.20000005	65	\N	2021-02-24 08:03:59.42289	2021-02-24 08:03:59.42289
2424	499	373	<	\N	\N	1.57799995	65	\N	2021-02-24 08:03:59.42289	2021-02-24 08:03:59.42289
2425	499	404	<	\N	\N	5.47599983	65	\N	2021-02-24 08:03:59.42289	2021-02-24 08:03:59.42289
2530	517	68	<	\N	\N	0.257999986	65	\N	2021-02-24 08:03:59.42289	2021-02-24 08:03:59.42289
2531	517	220	<	\N	\N	0.224999994	65	\N	2021-02-24 08:03:59.42289	2021-02-24 08:03:59.42289
2533	517	369	<	\N	\N	0.206	65	\N	2021-02-24 08:03:59.42289	2021-02-24 08:03:59.42289
2535	517	404	<	\N	\N	1.296	65	\N	2021-02-24 08:03:59.42289	2021-02-24 08:03:59.42289
2516	515	68	<	\N	\N	0.148000002	65	\N	2021-02-24 08:03:59.42289	2021-02-24 08:03:59.42289
2517	515	220	<	\N	\N	0.149000004	65	\N	2021-02-24 08:03:59.42289	2021-02-24 08:03:59.42289
2518	515	340	<	\N	\N	0.263000011	65	\N	2021-02-24 08:03:59.42289	2021-02-24 08:03:59.42289
2519	515	369	<	\N	\N	0.136000007	65	\N	2021-02-24 08:03:59.42289	2021-02-24 08:03:59.42289
2521	515	404	<	\N	\N	1.23500001	65	\N	2021-02-24 08:03:59.42289	2021-02-24 08:03:59.42289
2536	518	28	<	\N	\N	0.93900001	63	\N	2021-02-24 08:03:59.42289	2021-02-24 08:03:59.42289
2537	518	68	<	\N	\N	0.0399999991	63	\N	2021-02-24 08:03:59.42289	2021-02-24 08:03:59.42289
2538	518	220	<	\N	\N	0.0390000008	63	\N	2021-02-24 08:03:59.42289	2021-02-24 08:03:59.42289
2539	518	340	<	\N	\N	0.0700000003	63	\N	2021-02-24 08:03:59.42289	2021-02-24 08:03:59.42289
2540	518	369	<	\N	\N	0.0350000001	63	\N	2021-02-24 08:03:59.42289	2021-02-24 08:03:59.42289
2541	518	373	<	\N	\N	0.0399999991	63	\N	2021-02-24 08:03:59.42289	2021-02-24 08:03:59.42289
2542	518	404	<	\N	\N	0.268000007	63	\N	2021-02-24 08:03:59.42289	2021-02-24 08:03:59.42289
2502	513	68	<	\N	\N	0.211999997	65	\N	2021-02-24 08:03:59.42289	2021-02-24 08:03:59.42289
2503	513	220	<	\N	\N	0.209000006	65	\N	2021-02-24 08:03:59.42289	2021-02-24 08:03:59.42289
2505	513	369	<	\N	\N	0.188999996	65	\N	2021-02-24 08:03:59.42289	2021-02-24 08:03:59.42289
2507	513	404	<	\N	\N	2.13499999	65	\N	2021-02-24 08:03:59.42289	2021-02-24 08:03:59.42289
2599	538	68	<	\N	\N	0.174999997	65	\N	2021-02-24 08:03:59.42289	2021-02-24 08:03:59.42289
2600	538	220	<	\N	\N	0.188999996	65	\N	2021-02-24 08:03:59.42289	2021-02-24 08:03:59.42289
2601	538	340	<	\N	\N	0.344999999	65	\N	2021-02-24 08:03:59.42289	2021-02-24 08:03:59.42289
2602	538	369	<	\N	\N	0.160999998	65	\N	2021-02-24 08:03:59.42289	2021-02-24 08:03:59.42289
2604	538	404	<	\N	\N	1.28600001	65	\N	2021-02-24 08:03:59.42289	2021-02-24 08:03:59.42289
2274	640	68	<	\N	\N	0.126000002	67	\N	2021-02-24 08:03:59.42289	2021-02-24 08:03:59.42289
2275	640	220	<	\N	\N	0.103	67	\N	2021-02-24 08:03:59.42289	2021-02-24 08:03:59.42289
2276	640	340	<	\N	\N	0.166999996	67	\N	2021-02-24 08:03:59.42289	2021-02-24 08:03:59.42289
2277	640	369	<	\N	\N	0.0960000008	67	\N	2021-02-24 08:03:59.42289	2021-02-24 08:03:59.42289
2279	640	404	<	\N	\N	0.606999993	67	\N	2021-02-24 08:03:59.42289	2021-02-24 08:03:59.42289
202	788	68	<	\N	\N	0.112214267	67	\N	2021-02-24 08:03:59.42289	2021-02-24 08:03:59.42289
203	788	220	<	\N	\N	0.101773247	67	\N	2021-02-24 08:03:59.42289	2021-02-24 08:03:59.42289
204	788	222	<	\N	0	0.939999998	69	f	2021-02-24 08:03:59.42289	2021-02-24 08:03:59.42289
205	788	325	<	\N	0	0.219999999	67	f	2021-02-24 08:03:59.42289	2021-02-24 08:03:59.42289
206	788	340	<	\N	\N	0.137293845	67	\N	2021-02-24 08:03:59.42289	2021-02-24 08:03:59.42289
207	788	369	<	\N	\N	0.100221999	67	\N	2021-02-24 08:03:59.42289	2021-02-24 08:03:59.42289
209	788	404	<	\N	\N	0.474219084	67	\N	2021-02-24 08:03:59.42289	2021-02-24 08:03:59.42289
3454	901	68	<	\N	\N	0.112000003	67	\N	2021-02-24 08:03:59.42289	2021-02-24 08:03:59.42289
3455	901	220	<	\N	\N	0.0960000008	67	\N	2021-02-24 08:03:59.42289	2021-02-24 08:03:59.42289
3456	901	340	<	\N	\N	0.101000004	67	\N	2021-02-24 08:03:59.42289	2021-02-24 08:03:59.42289
3457	901	369	<	\N	\N	0.112000003	67	\N	2021-02-24 08:03:59.42289	2021-02-24 08:03:59.42289
3458	901	373	<	\N	\N	0.122000001	67	\N	2021-02-24 08:03:59.42289	2021-02-24 08:03:59.42289
3459	901	404	<	\N	\N	0.662999988	67	\N	2021-02-24 08:03:59.42289	2021-02-24 08:03:59.42289
6390	900	68	<	\N	\N	0.266908705	65	\N	2021-02-24 08:03:59.42289	2021-02-24 08:03:59.42289
6391	900	220	<	\N	\N	0.323401988	65	\N	2021-02-24 08:03:59.42289	2021-02-24 08:03:59.42289
6392	900	222	<	\N	\N	2.63727188	65	\N	2021-02-24 08:03:59.42289	2021-02-24 08:03:59.42289
6393	900	325	<	\N	\N	1.87468529	65	\N	2021-02-24 08:03:59.42289	2021-02-24 08:03:59.42289
6394	900	340	<	\N	\N	0.62747407	65	\N	2021-02-24 08:03:59.42289	2021-02-24 08:03:59.42289
6395	900	369	<	\N	\N	0.272286355	65	\N	2021-02-24 08:03:59.42289	2021-02-24 08:03:59.42289
6396	900	373	<	\N	\N	0.302946687	65	\N	2021-02-24 08:03:59.42289	2021-02-24 08:03:59.42289
6397	900	404	<	\N	\N	2.15960836	65	\N	2021-02-24 08:03:59.42289	2021-02-24 08:03:59.42289
212	789	68	<	\N	\N	0.156867474	65	\N	2021-02-24 08:03:59.42289	2021-02-24 08:03:59.42289
213	789	220	<	\N	\N	0.126424253	65	\N	2021-02-24 08:03:59.42289	2021-02-24 08:03:59.42289
214	789	222	<	\N	\N	1.20922339	65	\N	2021-02-24 08:03:59.42289	2021-02-24 08:03:59.42289
215	789	325	<	\N	\N	0.378945202	65	\N	2021-02-24 08:03:59.42289	2021-02-24 08:03:59.42289
216	789	340	<	\N	\N	0.193785265	65	\N	2021-02-24 08:03:59.42289	2021-02-24 08:03:59.42289
217	789	369	<	\N	\N	0.132164389	65	\N	2021-02-24 08:03:59.42289	2021-02-24 08:03:59.42289
218	789	373	<	\N	\N	0.142245218	65	\N	2021-02-24 08:03:59.42289	2021-02-24 08:03:59.42289
219	789	404	<	\N	\N	0.511382818	65	\N	2021-02-24 08:03:59.42289	2021-02-24 08:03:59.42289
182	785	68	<	\N	\N	0.350022882	65	\N	2021-02-24 08:03:59.42289	2021-02-24 08:03:59.42289
183	785	220	<	\N	\N	0.324094564	65	\N	2021-02-24 08:03:59.42289	2021-02-24 08:03:59.42289
184	785	222	<	\N	\N	2.90925121	65	\N	2021-02-24 08:03:59.42289	2021-02-24 08:03:59.42289
185	785	325	<	\N	\N	0.886366427	65	\N	2021-02-24 08:03:59.42289	2021-02-24 08:03:59.42289
186	785	340	<	\N	\N	0.47857362	65	\N	2021-02-24 08:03:59.42289	2021-02-24 08:03:59.42289
187	785	369	<	\N	\N	0.322722137	65	\N	2021-02-24 08:03:59.42289	2021-02-24 08:03:59.42289
189	785	404	<	\N	\N	2.09769201	65	\N	2021-02-24 08:03:59.42289	2021-02-24 08:03:59.42289
2561	533	68	<	\N	\N	0.238100007	65	\N	2021-02-24 08:03:59.42289	2021-02-24 08:03:59.42289
2562	533	220	<	\N	\N	0.224900007	65	\N	2021-02-24 08:03:59.42289	2021-02-24 08:03:59.42289
2563	533	340	<	\N	\N	0.567399979	65	\N	2021-02-24 08:03:59.42289	2021-02-24 08:03:59.42289
2564	533	369	<	\N	\N	0.183799997	65	\N	2021-02-24 08:03:59.42289	2021-02-24 08:03:59.42289
2566	533	404	<	\N	\N	1.55900002	65	\N	2021-02-24 08:03:59.42289	2021-02-24 08:03:59.42289
2543	529	1	<	\N	\N	7.23999977	63	\N	2021-02-24 08:03:59.42289	2021-02-24 08:03:59.42289
2545	530	68	<	\N	\N	0.0340000018	63	\N	2021-02-24 08:03:59.42289	2021-02-24 08:03:59.42289
2546	530	220	<	\N	\N	0.0430000015	63	\N	2021-02-24 08:03:59.42289	2021-02-24 08:03:59.42289
2547	530	340	<	\N	\N	0.199000001	63	\N	2021-02-24 08:03:59.42289	2021-02-24 08:03:59.42289
2548	530	369	<	\N	\N	0.0299999993	63	\N	2021-02-24 08:03:59.42289	2021-02-24 08:03:59.42289
2549	530	373	<	\N	\N	0.0430000015	63	\N	2021-02-24 08:03:59.42289	2021-02-24 08:03:59.42289
2550	530	404	<	\N	\N	0.223000005	63	\N	2021-02-24 08:03:59.42289	2021-02-24 08:03:59.42289
2204	452	68	<	\N	\N	0.075000003	67	\N	2021-02-24 08:03:59.42289	2021-02-24 08:03:59.42289
2205	452	220	<	\N	\N	0.0710000023	67	\N	2021-02-24 08:03:59.42289	2021-02-24 08:03:59.42289
2206	452	340	<	\N	\N	0.0930000022	67	\N	2021-02-24 08:03:59.42289	2021-02-24 08:03:59.42289
2207	452	369	<	\N	\N	0.0649999976	67	\N	2021-02-24 08:03:59.42289	2021-02-24 08:03:59.42289
2208	452	373	<	\N	\N	0.0879999995	67	\N	2021-02-24 08:03:59.42289	2021-02-24 08:03:59.42289
2209	452	404	<	\N	\N	0.451999992	67	\N	2021-02-24 08:03:59.42289	2021-02-24 08:03:59.42289
2197	451	68	<	\N	\N	0.150000006	67	\N	2021-02-24 08:03:59.42289	2021-02-24 08:03:59.42289
2198	451	220	<	\N	\N	0.135000005	67	\N	2021-02-24 08:03:59.42289	2021-02-24 08:03:59.42289
2199	451	340	<	\N	\N	0.165999994	67	\N	2021-02-24 08:03:59.42289	2021-02-24 08:03:59.42289
2200	451	369	<	\N	\N	0.136999995	67	\N	2021-02-24 08:03:59.42289	2021-02-24 08:03:59.42289
2201	451	373	<	\N	\N	0.213	67	\N	2021-02-24 08:03:59.42289	2021-02-24 08:03:59.42289
2202	451	404	<	\N	\N	0.949000001	67	\N	2021-02-24 08:03:59.42289	2021-02-24 08:03:59.42289
2042	411	68	<	\N	\N	0.100199997	67	\N	2021-02-24 08:03:59.42289	2021-02-24 08:03:59.42289
2043	411	220	<	\N	\N	0.0879300013	67	\N	2021-02-24 08:03:59.42289	2021-02-24 08:03:59.42289
2044	411	340	<	\N	\N	0.143000007	67	\N	2021-02-24 08:03:59.42289	2021-02-24 08:03:59.42289
2045	411	369	<	\N	\N	0.073239997	67	\N	2021-02-24 08:03:59.42289	2021-02-24 08:03:59.42289
2046	411	373	<	\N	\N	0.0985900015	67	\N	2021-02-24 08:03:59.42289	2021-02-24 08:03:59.42289
2047	411	404	<	\N	\N	0.593500018	67	\N	2021-02-24 08:03:59.42289	2021-02-24 08:03:59.42289
3800	195	68	<	\N	\N	0.486999989	65	\N	2021-02-24 08:03:59.42289	2021-02-24 08:03:59.42289
3801	195	220	<	\N	\N	0.31099999	65	\N	2021-02-24 08:03:59.42289	2021-02-24 08:03:59.42289
3802	195	340	<	\N	\N	0.423999995	65	\N	2021-02-24 08:03:59.42289	2021-02-24 08:03:59.42289
3803	195	369	<	\N	\N	0.324000001	65	\N	2021-02-24 08:03:59.42289	2021-02-24 08:03:59.42289
3804	195	373	<	\N	\N	0.326999992	65	\N	2021-02-24 08:03:59.42289	2021-02-24 08:03:59.42289
3805	195	404	<	\N	\N	1.58000004	65	\N	2021-02-24 08:03:59.42289	2021-02-24 08:03:59.42289
2028	409	68	<	\N	\N	0.120999999	67	\N	2021-02-24 08:09:11.941632	2021-02-24 08:09:11.941632
2029	409	220	<	\N	\N	0.0979999974	67	\N	2021-02-24 08:09:11.941632	2021-02-24 08:09:11.941632
2030	409	340	<	\N	\N	0.112000003	67	\N	2021-02-24 08:09:11.941632	2021-02-24 08:09:11.941632
2031	409	369	<	\N	\N	0.108000003	67	\N	2021-02-24 08:09:11.941632	2021-02-24 08:09:11.941632
2032	409	373	<	\N	\N	0.136999995	67	\N	2021-02-24 08:09:11.941632	2021-02-24 08:09:11.941632
2033	409	404	<	\N	\N	0.662999988	67	\N	2021-02-24 08:09:11.941632	2021-02-24 08:09:11.941632
3496	907	68	<	\N	\N	0.178000003	67	\N	2021-02-24 08:09:11.944068	2021-02-24 08:09:11.944068
3497	907	220	<	\N	\N	0.152999997	67	\N	2021-02-24 08:09:11.944068	2021-02-24 08:09:11.944068
3498	907	340	<	\N	\N	0.159999996	67	\N	2021-02-24 08:09:11.944068	2021-02-24 08:09:11.944068
3499	907	369	<	\N	\N	0.148000002	67	\N	2021-02-24 08:09:11.944068	2021-02-24 08:09:11.944068
3500	907	373	<	\N	\N	0.173999995	67	\N	2021-02-24 08:09:11.944068	2021-02-24 08:09:11.944068
3501	907	404	<	\N	\N	1.11099994	67	\N	2021-02-24 08:09:11.944068	2021-02-24 08:09:11.944068
2225	455	68	<	\N	\N	0.0970000029	67	\N	2021-02-24 08:09:11.957927	2021-02-24 08:09:11.957927
2226	455	220	<	\N	\N	0.0810000002	67	\N	2021-02-24 08:09:11.957927	2021-02-24 08:09:11.957927
2227	455	340	<	\N	\N	0.0970000029	67	\N	2021-02-24 08:09:11.957927	2021-02-24 08:09:11.957927
2228	455	369	<	\N	\N	0.0810000002	67	\N	2021-02-24 08:09:11.957927	2021-02-24 08:09:11.957927
2229	455	373	<	\N	\N	0.105999999	67	\N	2021-02-24 08:09:11.957927	2021-02-24 08:09:11.957927
2230	455	404	<	\N	\N	0.621999979	67	\N	2021-02-24 08:09:11.957927	2021-02-24 08:09:11.957927
3348	45	68	<	\N	\N	0.105999999	67	\N	2021-02-24 08:09:11.990966	2021-02-24 08:09:11.990966
3349	45	220	<	\N	\N	0.0879999995	67	\N	2021-02-24 08:09:11.990966	2021-02-24 08:09:11.990966
3350	45	340	<	\N	\N	0.107000001	67	\N	2021-02-24 08:09:11.990966	2021-02-24 08:09:11.990966
3351	45	369	<	\N	\N	0.0970000029	67	\N	2021-02-24 08:09:11.990966	2021-02-24 08:09:11.990966
3352	45	373	<	\N	\N	0.114	67	\N	2021-02-24 08:09:11.990966	2021-02-24 08:09:11.990966
3353	45	404	<	\N	\N	0.619000018	67	\N	2021-02-24 08:09:11.990966	2021-02-24 08:09:11.990966
\.


ALTER TABLE meas_val ENABLE TRIGGER ALL;

SELECT setval(pg_get_serial_sequence('meas_val', 'id'),
    (SELECT max(id) FROM meas_val));


--
-- TOC entry 4691 (class 0 OID 1170844)
-- Dependencies: 293
-- Data for Name: geolocat; Type: TABLE DATA; Schema: lada; Owner: postgres
--

ALTER TABLE geolocat DISABLE TRIGGER ALL;

COPY geolocat (id, sample_id, site_id, type_regulation, add_site_text, last_mod, tree_mod) FROM stdin;
614	660	97	E	\N	2013-08-12 07:57:26.600695	2016-03-17 09:19:04.94469
297	409	69	E	\N	2013-08-12 07:57:26.600695	2016-03-17 09:19:04.94469
820	42	23	E	\N	2013-08-12 07:57:26.600695	2016-03-17 09:19:04.94469
853	313	86	E	\N	2013-08-12 07:57:26.600695	2016-03-17 09:19:04.94469
525	311	86	E	\N	2013-08-12 07:57:26.600695	2016-03-17 09:19:04.94469
683	112	86	E	\N	2013-08-12 07:57:26.600695	2016-03-17 09:19:04.94469
214	117	138	E	\N	2013-08-12 07:57:26.600695	2016-03-17 09:19:04.94469
719	307	86	E	\N	2013-08-12 07:57:26.600695	2016-03-17 09:19:04.94469
538	203	86	E	\N	2013-08-12 07:57:26.600695	2016-03-17 09:19:04.94469
793	357	23	E	\N	2013-08-12 07:57:26.600695	2016-03-17 09:19:04.94469
514	292	86	E	Region Rostow; IGW 2012	2013-08-12 07:57:26.600695	2016-03-17 09:19:04.94469
805	294	86	E	IGW 2012	2013-08-12 07:57:26.600695	2016-03-17 09:19:04.94469
409	25	129	E	\N	2013-08-12 07:57:26.600695	2016-03-17 09:19:04.94469
884	145	23	E	\N	2013-08-12 07:57:26.600695	2016-03-17 09:19:04.94469
818	4	76	E	\N	2013-08-12 07:57:26.600695	2016-03-17 09:19:04.94469
402	140	23	E	\N	2013-08-12 07:57:26.600695	2016-03-17 09:19:04.94469
859	284	86	E	\N	2013-08-12 07:57:26.600695	2016-03-17 09:19:04.94469
288	703	29	E	\N	2013-08-12 07:57:26.600695	2016-03-17 09:19:04.94469
552	301	86	E	IGW 2012, Region Riga	2013-08-12 07:57:26.600695	2016-03-17 09:19:04.94469
730	300	86	E	Region Krasnodar, IGW 2012	2013-08-12 07:57:26.600695	2016-03-17 09:19:04.94469
489	24	68	E	\N	2013-08-12 07:57:26.600695	2016-03-17 09:19:04.94469
573	296	86	E	\N	2013-08-12 07:57:26.600695	2016-03-17 09:19:04.94469
350	99	86	E	\N	2013-08-12 07:57:26.600695	2016-03-17 09:19:04.94469
864	194	86	E	\N	2013-08-12 07:57:26.600695	2016-03-17 09:19:04.94469
496	3	161	E	\N	2013-08-12 07:57:26.600695	2016-03-17 09:19:04.94469
882	1	12	E	\N	2013-08-12 07:57:26.600695	2016-03-17 09:19:04.94469
378	31	87	E	\N	2013-08-12 07:57:26.600695	2016-03-17 09:19:04.94469
761	84	74	E	\N	2013-08-12 07:57:26.600695	2016-03-17 09:19:04.94469
345	76	131	E	\N	2013-08-12 07:57:26.600695	2016-03-17 09:19:04.94469
261	88	87	E	\N	2013-08-12 07:57:26.600695	2016-03-17 09:19:04.94469
569	180	86	E	\N	2013-08-12 07:57:26.600695	2016-03-17 09:19:04.94469
226	97	5	E	\N	2013-08-12 07:57:26.600695	2016-03-17 09:19:04.94469
895	91	26	E	\N	2013-08-12 07:57:26.600695	2016-03-17 09:19:04.94469
838	186	86	E	\N	2013-08-12 07:57:26.600695	2016-03-17 09:19:04.94469
228	174	86	E	\N	2013-08-12 07:57:26.600695	2016-03-17 09:19:04.94469
568	160	86	E	\N	2013-08-12 07:57:26.600695	2016-03-17 09:19:04.94469
399	200	86	E	\N	2013-08-12 07:57:26.600695	2016-03-17 09:19:04.94469
625	45	12	E	\N	2013-08-12 07:57:26.600695	2016-03-17 09:19:04.94469
854	55	12	E	\N	2013-08-12 07:57:26.600695	2016-03-17 09:19:04.94469
416	69	87	E	\N	2013-08-12 07:57:26.600695	2016-03-17 09:19:04.94469
753	67	87	E	\N	2013-08-12 07:57:26.600695	2016-03-17 09:19:04.94469
336	70	29	E	\N	2013-08-12 07:57:26.600695	2016-03-17 09:19:04.94469
500	65	29	E	\N	2013-08-12 07:57:26.600695	2016-03-17 09:19:04.94469
919	78	127	E	\N	2013-08-12 07:57:26.600695	2016-03-17 09:19:04.94469
223	36	162	E	\N	2013-08-12 07:57:26.600695	2016-03-17 09:19:04.94469
803	157	86	E	\N	2013-08-12 07:57:26.600695	2016-03-17 09:19:04.94469
355	19	129	E	\N	2013-08-12 07:57:26.600695	2016-03-17 09:19:04.94469
377	707	86	E	\N	2013-08-12 07:57:26.600695	2016-03-17 09:19:04.94469
451	158	86	E	IGW 2012, Region Rostov	2013-08-12 07:57:26.600695	2016-03-17 09:19:04.94469
921	155	86	E	\N	2013-08-12 07:57:26.600695	2016-03-17 09:19:04.94469
833	73	131	E	\N	2013-08-12 07:57:26.600695	2016-03-17 09:19:04.94469
521	71	4	E	\N	2013-08-12 07:57:26.600695	2016-03-17 09:19:04.94469
842	354	23	E	\N	2013-08-12 07:57:26.600695	2016-03-17 09:19:04.94469
705	353	102	E	\N	2013-08-12 07:57:26.600695	2016-03-17 09:19:04.94469
874	353	102	U	\N	2013-08-12 07:57:26.600695	2016-03-17 09:19:04.94469
460	147	190	E	\N	2013-08-12 07:57:26.600695	2016-03-17 09:19:04.94469
333	406	42	E	\N	2013-08-12 07:57:26.600695	2016-03-17 09:19:04.94469
\.


ALTER TABLE geolocat ENABLE TRIGGER ALL;

SELECT setval(pg_get_serial_sequence('geolocat', 'id'),
    (SELECT max(id) FROM geolocat));


--
-- TOC entry 4695 (class 0 OID 1170895)
-- Dependencies: 297
-- Data for Name: status_prot; Type: TABLE DATA; Schema: lada; Owner: postgres
--

ALTER TABLE status_prot DISABLE TRIGGER ALL;

COPY status_prot (id, meas_facil_id, date, text, measm_id, status_comb, tree_mod) FROM stdin;
571	12020	2016-02-29 21:53:01.736444	Test	179	1	2016-03-17 09:19:04.94469
572	12010	2016-02-29 21:53:01.736444	Test	198	1	2016-03-17 09:19:04.94469
573	06010	2016-02-29 21:53:01.736444	Test	646	1	2016-03-17 09:19:04.94469
574	11010	2016-02-29 21:53:01.736444	Test	699	1	2016-03-17 09:19:04.94469
575	11010	2016-02-29 21:53:01.736444	Test	697	1	2016-03-17 09:19:04.94469
579	11010	2016-02-29 21:53:01.736444	Test	765	1	2016-03-17 09:19:04.94469
578	11010	2016-02-29 21:53:01.736444	Test	764	1	2016-03-17 09:19:04.94469
576	06060	2016-02-29 21:53:01.736444	Test	876	1	2016-03-17 09:19:04.94469
577	06060	2016-02-29 21:53:01.736444	Test	877	1	2016-03-17 09:19:04.94469
580	11010	2016-02-29 21:53:01.736444	Test	693	1	2016-03-17 09:19:04.94469
581	11010	2016-02-29 21:53:01.736444	Test	604	1	2016-03-17 09:19:04.94469
582	06010	2016-02-29 21:53:01.736444	Test	455	1	2016-03-17 09:19:04.94469
583	11010	2016-02-29 21:53:01.736444	Test	677	1	2016-03-17 09:19:04.94469
584	11010	2016-02-29 21:53:01.736444	Test	679	1	2016-03-17 09:19:04.94469
585	06010	2016-02-29 21:53:01.736444	Test	907	1	2016-03-17 09:19:04.94469
586	06010	2016-02-29 21:53:01.736444	Test	409	1	2016-03-17 09:19:04.94469
587	06010	2016-02-29 21:53:01.736444	Test	45	1	2016-03-17 09:19:04.94469
588	06010	2016-02-29 21:53:01.736444	Test	404	1	2016-03-17 09:19:04.94469
589	11010	2016-02-29 21:53:01.736444	Test	669	1	2016-03-17 09:19:04.94469
590	06010	2016-02-29 21:53:01.736444	Test	382	1	2016-03-17 09:19:04.94469
591	11010	2016-02-29 21:53:01.736444	Test	687	1	2016-03-17 09:19:04.94469
592	11010	2016-02-29 21:53:01.736444	Test	686	1	2016-03-17 09:19:04.94469
593	06010	2016-02-29 21:53:01.736444	Test	906	1	2016-03-17 09:19:04.94469
594	11010	2016-02-29 21:53:01.736444	Test	682	1	2016-03-17 09:19:04.94469
595	11010	2016-02-29 21:53:01.736444	Test	749	1	2016-03-17 09:19:04.94469
596	11010	2016-02-29 21:53:01.736444	Test	855	1	2016-03-17 09:19:04.94469
597	11010	2016-02-29 21:53:01.736444	Test	856	1	2016-03-17 09:19:04.94469
598	11010	2016-02-29 21:53:01.736444	Test	857	1	2016-03-17 09:19:04.94469
599	11010	2016-02-29 21:53:01.736444	Test	858	1	2016-03-17 09:19:04.94469
600	11010	2016-02-29 21:53:01.736444	Test	859	1	2016-03-17 09:19:04.94469
601	06010	2016-02-29 21:53:01.736444	Test	781	1	2016-03-17 09:19:04.94469
602	06010	2016-02-29 21:53:01.736444	Test	782	1	2016-03-17 09:19:04.94469
603	06010	2016-02-29 21:53:01.736444	Test	783	1	2016-03-17 09:19:04.94469
604	06010	2016-02-29 21:53:01.736444	Test	784	1	2016-03-17 09:19:04.94469
605	06010	2016-02-29 21:53:01.736444	Test	776	1	2016-03-17 09:19:04.94469
606	06010	2016-02-29 21:53:01.736444	Test	777	1	2016-03-17 09:19:04.94469
607	06010	2016-02-29 21:53:01.736444	Test	778	1	2016-03-17 09:19:04.94469
608	06010	2016-02-29 21:53:01.736444	Test	779	1	2016-03-17 09:19:04.94469
609	06010	2016-02-29 21:53:01.736444	Test	457	1	2016-03-17 09:19:04.94469
610	06010	2016-02-29 21:53:01.736444	Test	546	1	2016-03-17 09:19:04.94469
611	06010	2016-02-29 21:53:01.736444	Test	547	1	2016-03-17 09:19:04.94469
612	06010	2016-02-29 21:53:01.736444	Test	536	1	2016-03-17 09:19:04.94469
613	06010	2016-02-29 21:53:01.736444	Test	552	1	2016-03-17 09:19:04.94469
614	06010	2016-02-29 21:53:01.736444	Test	553	1	2016-03-17 09:19:04.94469
615	11010	2016-02-29 21:53:01.736444	Test	841	1	2016-03-17 09:19:04.94469
616	06010	2016-02-29 21:53:01.736444	Test	574	1	2016-03-17 09:19:04.94469
617	06060	2016-02-29 21:53:01.736444	Test	558	1	2016-03-17 09:19:04.94469
618	06060	2016-02-29 21:53:01.736444	Test	559	1	2016-03-17 09:19:04.94469
619	11010	2016-02-29 21:53:01.736444	Test	847	1	2016-03-17 09:19:04.94469
620	11010	2016-02-29 21:53:01.736444	Test	835	1	2016-03-17 09:19:04.94469
621	11010	2016-02-29 21:53:01.736444	Test	792	1	2016-03-17 09:19:04.94469
622	11010	2016-02-29 21:53:01.736444	Test	793	1	2016-03-17 09:19:04.94469
623	11010	2016-02-29 21:53:01.736444	Test	794	1	2016-03-17 09:19:04.94469
624	11010	2016-02-29 21:53:01.736444	Test	795	1	2016-03-17 09:19:04.94469
625	11010	2016-02-29 21:53:01.736444	Test	796	1	2016-03-17 09:19:04.94469
626	11010	2016-02-29 21:53:01.736444	Test	593	1	2016-03-17 09:19:04.94469
627	11010	2016-02-29 21:53:01.736444	Test	594	1	2016-03-17 09:19:04.94469
628	11010	2016-02-29 21:53:01.736444	Test	595	1	2016-03-17 09:19:04.94469
629	11010	2016-02-29 21:53:01.736444	Test	596	1	2016-03-17 09:19:04.94469
630	11010	2016-02-29 21:53:01.736444	Test	597	1	2016-03-17 09:19:04.94469
631	06010	2016-02-29 21:53:01.736444	Test	649	1	2016-03-17 09:19:04.94469
632	06010	2016-02-29 21:53:01.736444	Test	499	1	2016-03-17 09:19:04.94469
633	06010	2016-02-29 21:53:01.736444	Test	517	1	2016-03-17 09:19:04.94469
634	06010	2016-02-29 21:53:01.736444	Test	515	1	2016-03-17 09:19:04.94469
635	06010	2016-02-29 21:53:01.736444	Test	518	1	2016-03-17 09:19:04.94469
636	06010	2016-02-29 21:53:01.736444	Test	513	1	2016-03-17 09:19:04.94469
637	06010	2016-02-29 21:53:01.736444	Test	538	1	2016-03-17 09:19:04.94469
638	06010	2016-02-29 21:53:01.736444	Test	539	1	2016-03-17 09:19:04.94469
639	06010	2016-02-29 21:53:01.736444	Test	639	1	2016-03-17 09:19:04.94469
640	06010	2016-02-29 21:53:01.736444	Test	640	1	2016-03-17 09:19:04.94469
645	11010	2016-02-29 21:53:01.736444	Test	788	1	2016-03-17 09:19:04.94469
641	06010	2016-02-29 21:53:01.736444	Test	901	1	2016-03-17 09:19:04.94469
642	11010	2016-02-29 21:53:01.736444	Test	900	1	2016-03-17 09:19:04.94469
643	11010	2016-02-29 21:53:01.736444	Test	789	1	2016-03-17 09:19:04.94469
646	11010	2016-02-29 21:53:01.736444	Test	785	1	2016-03-17 09:19:04.94469
647	06060	2016-02-29 21:53:01.736444	Test	533	1	2016-03-17 09:19:04.94469
648	06010	2016-02-29 21:53:01.736444	Test	529	1	2016-03-17 09:19:04.94469
649	06010	2016-02-29 21:53:01.736444	Test	530	1	2016-03-17 09:19:04.94469
650	06010	2016-02-29 21:53:01.736444	Test	452	1	2016-03-17 09:19:04.94469
651	06010	2016-02-29 21:53:01.736444	Test	451	1	2016-03-17 09:19:04.94469
653	06060	2016-02-29 21:53:01.736444	Test	411	1	2016-03-17 09:19:04.94469
654	12020	2016-02-29 21:53:01.736444	Test	195	1	2016-03-17 09:19:04.94469
655	06010	2021-02-24 08:09:11.941632		409	2	2021-02-24 08:09:11.941632
656	06010	2021-02-24 08:09:11.944068		907	2	2021-02-24 08:09:11.944068
657	06010	2021-02-24 08:09:11.957927		455	2	2021-02-24 08:09:11.957927
658	06010	2021-02-24 08:09:11.990966		45	2	2021-02-24 08:09:11.990966
659	06010	2021-02-24 08:09:12.011283		646	2	2021-02-24 08:09:12.011283
\.


ALTER TABLE status_prot ENABLE TRIGGER ALL;

SELECT setval(pg_get_serial_sequence('status_prot', 'id'),
    (SELECT max(id) FROM status_prot));


--
-- TOC entry 4696 (class 0 OID 1170904)
-- Dependencies: 298
-- Data for Name: sample_specif_meas_val; Type: TABLE DATA; Schema: lada; Owner: postgres
--

ALTER TABLE sample_specif_meas_val DISABLE TRIGGER ALL;

COPY sample_specif_meas_val (id, sample_id, sample_specif_id, meas_val, error, last_mod, tree_mod) FROM stdin;
1	84	A76	7.5	48	2012-04-23 12:32:56	2016-03-17 09:19:04.94469
26	186	A78	0	0	2016-03-07 12:32:37	2016-03-17 09:19:04.94469
21	157	A78	0	2	2016-03-07 10:26:00	2016-03-17 09:19:04.94469
\.


ALTER TABLE sample_specif_meas_val ENABLE TRIGGER ALL;

SELECT setval(pg_get_serial_sequence('sample_specif_meas_val', 'id'),
    (SELECT max(id) FROM sample_specif_meas_val));

--
-- PostgreSQL database dump complete
--
